,Distance,Energy,Humidity (%),Pressure (HP-900),Temperature (deg F),Time
0,0.0,0.0,28.36928724444436,925.333079514921,76.65564939479054,06:50:53 - 2018/06/22
0,0.0,0.0,28.51898079754502,925.7956541863214,77.13681005667459,07:17:20 - 2018/06/22
0,0.0,0.0,22.251232204907474,925.9919076006482,82.55899306069077,08:31:32 - 2018/06/22
0,5.0,21458.0,21.604430732090677,925.8799080810944,83.58135190055938,08:48:50 - 2018/06/22
0,0.0,0.0,19.950859822812934,925.7410431125377,86.95430695939987,09:31:32 - 2018/06/22
0,0.0,0.0,14.40599879252558,925.3323376595816,91.71733926065838,10:31:32 - 2018/06/22
0,0.0,0.0,11.185099723527372,924.9091160398473,96.31796645089098,11:31:32 - 2018/06/22
0,0.0,0.0,8.962117391428881,924.23525901886,98.59473279566055,12:31:33 - 2018/06/22
0,0.0,0.0,6.227482026142633,923.2631801271913,101.30557032982536,13:31:33 - 2018/06/22
0,0.0,0.0,4.0621061517279555,922.6604662026796,102.7888885379077,14:31:33 - 2018/06/22
0,0.0,0.0,4.4632203300655116,921.6833725494208,103.5299700037172,15:31:33 - 2018/06/22
0,0.0,0.0,4.715998900165016,920.7941267199208,104.23027172714258,16:31:33 - 2018/06/22
0,0.0,0.0,4.8405269254955945,920.5166661765753,105.34132220823128,16:59:42 - 2018/06/22
0,0.0,0.0,0.8134203978913692,920.2110980768672,124.93595229994571,17:59:43 - 2018/06/22
0,0.0,0.0,4.6449585569722425,920.2609842946248,108.66403095270408,18:59:43 - 2018/06/22
0,0.0,0.0,8.554266729648534,920.3174162958079,98.28479244841921,19:59:43 - 2018/06/22
0,0.0,0.0,12.121513547456553,920.9926670511992,94.30688768144364,20:59:43 - 2018/06/22
0,0.0,0.0,9.957464410735524,921.4841173714495,91.44411367513969,21:59:43 - 2018/06/22
0,0.0,0.0,12.510812893214547,921.9632395396733,89.63582605171976,22:59:43 - 2018/06/22
0,0.0,0.0,17.888166392633032,922.25203199922,87.28519812828102,23:59:43 - 2018/06/22
0,0.0,0.0,19.620793888887103,921.9729270376364,86.35718988341576,00:59:43 - 2018/06/23
0,0.0,0.0,23.216478909994787,921.9822370703782,84.57342465214359,01:59:43 - 2018/06/23
0,0.0,0.0,30.54683148258413,922.1671846342094,79.26709867186248,02:59:43 - 2018/06/23
0,0.0,0.0,30.857908550817005,922.5649467496494,77.26205186231849,03:59:43 - 2018/06/23
0,0.0,0.0,27.21467071446948,922.9938429217008,77.50146785635779,04:59:43 - 2018/06/23
0,0.0,0.0,27.430384491179858,923.8864540954244,78.01292215975262,05:59:43 - 2018/06/23
0,0.0,0.0,27.45250197461837,924.7812902110992,79.94108411586103,06:59:43 - 2018/06/23
0,0.0,0.0,28.21317425805616,925.4568104939516,82.37432834685016,07:59:43 - 2018/06/23
0,0.0,0.0,28.417837981712914,925.5535204787838,85.01266486516252,08:59:44 - 2018/06/23
0,0.0,0.0,26.336419076107322,925.4342207848188,88.27438024253854,09:59:44 - 2018/06/23
0,0.0,0.0,23.738145091832376,925.2103114657594,91.16448027970765,10:59:44 - 2018/06/23
0,0.0,0.0,18.620112073088066,924.6386081926132,94.47292309897159,11:59:44 - 2018/06/23
0,0.0,0.0,18.005472937445546,923.8154509233464,96.65761512740768,12:59:44 - 2018/06/23
0,0.0,0.0,15.326827721588128,923.249706834942,99.33229993598835,13:59:44 - 2018/06/23
0,0.0,0.0,11.566091797909214,922.4313506506136,99.93062892773045,14:59:44 - 2018/06/23
0,0.0,0.0,13.131178388504875,921.9531235244299,101.82059368749552,15:59:44 - 2018/06/23
0,0.0,0.0,13.500849281576073,921.5254755966048,102.66129701586443,16:59:44 - 2018/06/23
0,0.0,0.0,9.737784008753387,921.419635015694,105.69089390390994,17:59:44 - 2018/06/23
0,0.0,0.0,10.6419494296013,921.4827033100728,104.48254420379128,18:59:44 - 2018/06/23
0,0.0,0.0,13.578824507997911,921.6407006607983,97.95038377595628,19:59:44 - 2018/06/23
0,0.0,0.0,16.68755169260577,922.1676209217453,94.53933731252322,20:59:44 - 2018/06/23
0,0.0,0.0,25.405867294708393,922.7591907125258,92.16999756456543,21:59:45 - 2018/06/23
0,0.0,0.0,26.384128500012803,923.189308534364,90.13158851249985,22:59:45 - 2018/06/23
0,0.0,0.0,27.00962180389481,923.4714556314633,87.89921271552933,23:59:45 - 2018/06/23
0,0.0,0.0,28.068619006693144,923.5929705885832,86.57914241865649,00:59:45 - 2018/06/24
0,0.0,0.0,29.493116255871147,923.4360715889003,85.42394389115844,01:59:45 - 2018/06/24
0,0.0,0.0,32.29105950749353,923.5135298491153,84.07826135077521,02:59:45 - 2018/06/24
0,0.0,0.0,36.109853670549825,923.9798419624983,83.571448679287,03:59:45 - 2018/06/24
0,0.0,0.0,39.74607847009322,924.868115151452,82.86074846151068,04:59:45 - 2018/06/24
0,0.0,0.0,43.55161526464893,925.5357005055904,82.33355067750556,05:59:45 - 2018/06/24
0,0.0,0.0,44.6837936931242,926.284538321992,82.99065491317663,06:59:45 - 2018/06/24
0,0.0,0.0,43.62860490659927,926.7291255332076,84.3584653432402,07:59:45 - 2018/06/24
0,0.0,0.0,41.026682903603415,927.0341851340953,86.12941213116513,08:59:46 - 2018/06/24
0,0.0,0.0,36.326061159998154,927.0287064455297,87.99824753927946,09:59:46 - 2018/06/24
0,0.0,0.0,32.2526447222265,926.8227518760727,89.91254404626572,10:59:46 - 2018/06/24
0,0.0,0.0,25.219900388499674,926.3970863140596,92.69373117212812,11:59:46 - 2018/06/24
0,0.0,0.0,20.516584914362674,925.7443628290113,94.88772107890502,12:59:46 - 2018/06/24
0,0.0,0.0,19.04898417791359,925.2296178088783,95.95792796145142,13:59:46 - 2018/06/24
0,0.0,0.0,18.127236917247068,924.7014896403565,97.42721616003736,14:59:46 - 2018/06/24
0,0.0,0.0,13.834889404794135,924.0905375793826,98.36810342468974,15:59:46 - 2018/06/24
0,0.0,0.0,14.583455639392454,923.326101537276,98.66988759116586,16:59:46 - 2018/06/24
0,0.0,0.0,11.931927739716013,922.9052178409572,100.00869732926088,17:59:46 - 2018/06/24
0,0.0,0.0,20.18511043410973,924.433304590936,87.55259129813057,22:30:20 - 2018/06/24
0,0.0,0.0,22.330667691121807,925.0105260721762,85.93484007905201,23:30:20 - 2018/06/24
0,0.0,0.0,21.7268474745528,925.3712197317537,84.40739914516227,00:30:20 - 2018/06/25
0,0.0,0.0,23.041094083467986,925.2635702216548,83.5143595328951,01:30:20 - 2018/06/25
0,0.0,0.0,27.70935684358569,925.7986487509688,82.29393809402947,02:30:20 - 2018/06/25
0,0.0,0.0,31.69031090172145,926.0651142487263,80.00050215156698,03:30:20 - 2018/06/25
0,0.0,0.0,35.038169268194736,926.3519494181274,79.62244069937637,04:30:20 - 2018/06/25
0,0.0,0.0,37.25691057555992,927.0217195769127,77.94068933786949,05:30:20 - 2018/06/25
0,0.0,0.0,38.45857374080771,927.5248488732899,78.18884416403789,06:30:20 - 2018/06/25
0,0.0,0.0,35.61094182282657,927.8725604032539,80.05292984781163,07:30:21 - 2018/06/25
0,0.0,0.0,34.86449977018839,927.9766917112167,82.71802624403874,08:30:21 - 2018/06/25
0,0.0,0.0,29.56399058131997,928.0470683912273,85.60628180267861,09:30:21 - 2018/06/25
0,0.0,0.0,24.862397472108558,927.79704075694,88.46254688389645,10:30:21 - 2018/06/25
0,1.0,32344.0,21.838135938854666,927.5005507998936,90.78522824050206,11:12:54 - 2018/06/25
0,1.0,10253.0,22.086799625413946,927.3625708092778,91.09340686684854,11:19:48 - 2018/06/25
0,0.0,0.0,20.893664584638106,927.2920325256853,91.56470572242536,11:30:21 - 2018/06/25
0,0.0,0.0,17.74101370112933,926.4259000828896,94.66226193584043,12:30:21 - 2018/06/25
0,0.0,0.0,17.419006370889313,925.5710321251863,96.93842296323956,13:30:21 - 2018/06/25
0,0.0,0.0,15.30947742519597,925.0153204776068,98.23701973964529,14:30:21 - 2018/06/25
0,0.0,0.0,12.311613136256973,924.3105616668524,99.52921810005327,15:30:21 - 2018/06/25
0,0.0,0.0,9.055023872138149,923.9473591603113,100.04831414409193,16:30:21 - 2018/06/25
0,0.0,0.0,6.3012270313581125,923.5432894068857,99.97956732439243,17:30:21 - 2018/06/25
0,27.0,5713.0,5.866138667603584,923.5633387978824,100.70607117307199,17:55:23 - 2018/06/25
0,0.0,0.0,5.437592175913276,923.775720404576,102.58847084864931,18:30:21 - 2018/06/25
0,0.0,0.0,6.615916510398887,923.9791923406683,98.53297771786457,19:30:22 - 2018/06/25
0,0.0,0.0,8.741537986097844,924.1975941208659,93.6672159423877,20:30:22 - 2018/06/25
0,0.0,0.0,8.861709504496712,924.6369504444606,91.45751278717465,21:30:22 - 2018/06/25
0,27.0,4703.0,10.399045906964332,924.8321117647032,89.82807218844509,22:15:29 - 2018/06/25
0,0.0,0.0,10.700045003063073,924.8650622005052,89.2187109577284,22:30:22 - 2018/06/25
0,0.0,0.0,15.508987509587653,924.9167017601503,85.23461560093794,23:30:22 - 2018/06/25
0,0.0,0.0,19.06760275664605,924.8798742642952,81.4620760268422,00:30:22 - 2018/06/26
0,0.0,0.0,19.44749482568409,925.0421035623564,79.7342862164097,01:30:22 - 2018/06/26
0,0.0,0.0,24.19070814068489,925.3985654829236,77.15195557232919,02:30:22 - 2018/06/26
0,0.0,0.0,22.988105992797816,925.5110724702228,75.87740701812626,03:30:22 - 2018/06/26
0,0.0,0.0,22.582631895006326,926.1691513507325,75.80575764161634,04:30:22 - 2018/06/26
0,0.0,0.0,25.627057419409905,926.632987047442,74.31860318279331,05:30:22 - 2018/06/26
0,0.0,0.0,29.478061223239965,927.0739089911373,74.24870200881169,06:30:22 - 2018/06/26
0,0.0,0.0,23.71998972510386,927.8128077084187,76.37196331497974,07:30:23 - 2018/06/26
0,0.0,0.0,19.22272869500829,927.7913610030828,80.42866215596305,08:30:23 - 2018/06/26
0,0.0,0.0,15.789257914049484,927.8425373289688,84.54895772488271,09:30:23 - 2018/06/26
0,0.0,0.0,13.330571837636,927.6285545255004,89.26240313207157,10:30:23 - 2018/06/26
0,0.0,0.0,10.373031393068237,926.9451604061406,94.40126568786108,11:30:23 - 2018/06/26
0,0.0,0.0,8.86508252360656,926.4367445754477,98.57434196554381,12:30:23 - 2018/06/26
0,0.0,0.0,7.851403992655313,925.8287735872902,100.72296664927521,13:30:23 - 2018/06/26
0,0.0,0.0,7.777550637294394,925.308562589094,101.96915841477066,14:30:23 - 2018/06/26
0,0.0,0.0,7.8916526221724475,924.5561094676332,102.71664492433241,15:30:23 - 2018/06/26
0,0.0,0.0,7.939148397544786,924.1074146742767,103.11340257731982,16:30:23 - 2018/06/26
0,0.0,0.0,8.348418567902486,923.6562366793364,103.29867299583164,17:30:23 - 2018/06/26
0,0.0,0.0,6.964198196360693,923.6256189297188,106.62425394075107,18:30:24 - 2018/06/26
0,0.0,0.0,8.259867414604821,923.4519601884987,102.9106540545797,19:30:24 - 2018/06/26
0,0.0,0.0,9.607477849948953,923.9544800813452,97.82163079089092,20:30:24 - 2018/06/26
0,0.0,0.0,10.517718452713387,924.7719499939944,95.44292280759691,21:30:24 - 2018/06/26
0,0.0,0.0,12.383566204647488,925.2244990454055,92.35176031995623,22:30:24 - 2018/06/26
0,0.0,0.0,14.618681078829214,925.3136842331253,88.95306278547103,23:30:24 - 2018/06/26
0,0.0,0.0,12.455568856852574,925.067869397107,90.2539273030646,00:30:24 - 2018/06/27
0,0.0,0.0,16.346385209219243,924.9950710438768,85.39073860616656,01:30:24 - 2018/06/27
0,0.0,0.0,15.52649306786104,924.8566785335457,83.32911121363114,02:30:24 - 2018/06/27
0,0.0,0.0,19.09253866880305,925.3542898325653,81.80984978681927,03:30:24 - 2018/06/27
0,0.0,0.0,23.06918661069933,925.8368991102408,79.36787592362353,04:30:25 - 2018/06/27
0,0.0,0.0,23.88315806526311,926.1454872783066,77.7740879493108,05:30:25 - 2018/06/27
0,0.0,0.0,25.758632748061146,926.6921881943632,78.15971799149592,06:30:25 - 2018/06/27
0,0.0,0.0,23.01243249507859,927.4043060557424,80.2375919765943,07:30:25 - 2018/06/27
0,0.0,0.0,19.443815166139537,927.347360534628,83.73164791952324,08:30:25 - 2018/06/27
0,0.0,0.0,15.63382042634156,927.4020975735916,87.48443221389402,09:30:25 - 2018/06/27
0,0.0,0.0,13.415230430146453,927.2962621783388,91.00369129082719,10:30:25 - 2018/06/27
0,0.0,0.0,11.559538022259627,926.8708384120648,94.82771512717736,11:30:25 - 2018/06/27
0,0.0,0.0,8.736688800317769,926.1752085378862,97.59675025127936,12:30:25 - 2018/06/27
0,0.0,0.0,8.260679384229418,925.3740455695106,100.3034932663871,13:30:25 - 2018/06/27
0,0.0,0.0,7.616560779772004,924.6826100433234,101.80719373824431,14:30:25 - 2018/06/27
0,0.0,0.0,6.337360025934888,923.9507855866966,102.93337585945294,15:30:25 - 2018/06/27
0,0.0,0.0,4.717558161027552,923.3709144254808,103.4163606018582,16:30:25 - 2018/06/27
0,0.0,0.0,4.125060828723393,922.9673450143648,103.57250072289213,17:30:25 - 2018/06/27
0,0.0,0.0,4.246664747469608,922.841361041274,104.34504691721668,18:30:25 - 2018/06/27
0,34.0,2729.0,4.551757408906827,922.807963860489,104.01179125484958,18:34:37 - 2018/06/27
0,0.0,0.0,6.560973262982932,923.0506135280948,100.93386894532443,19:30:26 - 2018/06/27
0,0.0,0.0,8.495590530051436,923.4956873250512,97.29788099046128,20:30:26 - 2018/06/27
0,0.0,0.0,8.221450153207448,924.1615493775554,95.3829166550003,21:30:26 - 2018/06/27
0,0.0,0.0,9.207657070661165,924.2276317530033,93.29786198163102,22:30:26 - 2018/06/27
0,0.0,0.0,11.640678348181693,924.4792226884359,90.76658607353359,23:30:26 - 2018/06/27
0,0.0,0.0,11.904881002077135,924.5387119364467,88.41710724197218,00:30:26 - 2018/06/28
0,0.0,0.0,15.391705341264744,924.3764081990436,87.43316728010589,01:30:26 - 2018/06/28
0,0.0,0.0,17.18288183143419,924.0291343354352,87.3982139252453,02:30:26 - 2018/06/28
0,0.0,0.0,19.08488056075885,923.8807377291556,87.19431950205174,03:30:26 - 2018/06/28
0,0.0,0.0,18.11373355895689,924.7469194447127,84.7924620665287,04:30:26 - 2018/06/28
0,0.0,0.0,21.105714842393912,925.6153965119323,82.49433126052402,05:30:26 - 2018/06/28
0,0.0,0.0,24.96759190947716,926.0558621264647,82.4372424849372,06:30:27 - 2018/06/28
0,0.0,0.0,30.005006916972672,926.4549632419943,84.05262940836401,07:30:27 - 2018/06/28
0,0.0,0.0,29.713124390006552,926.6860606340326,86.28728363461741,08:30:27 - 2018/06/28
0,0.0,0.0,24.806656024354385,926.5440723389557,89.31832913202736,09:30:27 - 2018/06/28
0,0.0,0.0,20.331824000690826,926.4371577559983,91.74879809897513,10:30:27 - 2018/06/28
0,0.0,0.0,17.30684563498588,925.7317106746424,94.66051419174248,11:30:27 - 2018/06/28
0,0.0,0.0,16.005742568570522,925.2793930237852,97.05494087700563,12:30:27 - 2018/06/28
0,0.0,0.0,12.62196969526281,924.5466095554924,99.70807592504892,13:30:27 - 2018/06/28
0,0.0,0.0,14.435434752043967,923.7291270035396,100.57323783391158,14:30:27 - 2018/06/28
0,0.0,0.0,10.919569713995411,922.7541004210964,101.84273273645624,15:30:27 - 2018/06/28
0,0.0,0.0,11.308848720044464,922.0964165729016,102.56691430928659,16:30:28 - 2018/06/28
0,0.0,0.0,12.174204543356225,921.5104399450984,102.76733197249888,17:30:28 - 2018/06/28
0,0.0,0.0,10.24917952747118,921.6962763067618,105.06108276421013,18:30:28 - 2018/06/28
0,0.0,0.0,13.34460504876874,921.9452146928037,101.14418890539936,19:30:28 - 2018/06/28
0,0.0,0.0,17.779934766444054,922.3842219578596,97.5472299661622,20:30:28 - 2018/06/28
0,0.0,0.0,24.916720907084965,923.7175179129912,94.2696025579052,21:30:28 - 2018/06/28
0,0.0,0.0,20.624772357108764,924.3654145669512,92.33428312328178,22:30:28 - 2018/06/28
0,0.0,0.0,21.406429383647296,924.8882086516977,90.54288023335876,23:30:28 - 2018/06/28
0,0.0,0.0,23.862109954021783,924.8588151630576,88.67692895218978,00:30:28 - 2018/06/29
0,0.0,0.0,26.269053785277123,925.0657809818222,86.91119794727467,01:30:28 - 2018/06/29
0,0.0,0.0,33.43524100538019,925.1718576419693,85.67385756521392,02:30:28 - 2018/06/29
0,0.0,0.0,37.568379834556346,925.4432181160845,85.19325468014986,03:30:29 - 2018/06/29
0,0.0,0.0,38.6586901722363,925.6763796873936,84.30254101586698,04:30:29 - 2018/06/29
0,0.0,0.0,40.390020692426674,926.0460225903734,83.45144498616574,05:30:29 - 2018/06/29
0,0.0,0.0,41.00530802300007,926.6080026368718,83.1863885930666,06:30:29 - 2018/06/29
0,0.0,0.0,40.760319607226975,926.9417175430805,84.07942643916077,07:30:29 - 2018/06/29
0,0.0,0.0,37.39217923105786,926.9873149520836,85.90221724236137,08:30:29 - 2018/06/29
0,0.0,0.0,32.69985477948355,926.6971705397257,88.02096730130323,09:30:29 - 2018/06/29
0,0.0,0.0,30.77457162733607,926.3799332511142,90.04129089163618,10:30:29 - 2018/06/29
0,0.0,0.0,25.97800242446268,925.772181426782,92.9110315859708,11:30:29 - 2018/06/29
0,0.0,0.0,20.20120588494869,925.1492038816352,94.94015348168243,12:30:29 - 2018/06/29
0,0.0,0.0,17.154118737888762,924.3340200043536,95.99463087848282,13:30:29 - 2018/06/29
0,0.0,0.0,16.16415588892275,923.7396435384404,97.31419352881385,14:30:30 - 2018/06/29
0,0.0,0.0,14.798027091682956,922.641821417834,99.50533156473404,15:30:30 - 2018/06/29
0,0.0,0.0,14.020019559197994,921.8642246477223,100.59421151196993,16:30:30 - 2018/06/29
0,0.0,0.0,13.795033107314381,921.5416936998737,100.94901663436806,17:30:30 - 2018/06/29
0,0.0,0.0,10.01841605455516,921.8788616555936,103.21361170880822,18:30:30 - 2018/06/29
0,0.0,0.0,12.89134881182116,922.6724866618235,98.57026379982126,19:30:30 - 2018/06/29
0,0.0,0.0,9.5463415373691,923.6585124055896,93.86354480208205,20:30:30 - 2018/06/29
0,0.0,0.0,10.607449647199351,924.7461058756261,90.51200419057423,21:30:30 - 2018/06/29
0,0.0,0.0,12.646738847376168,925.1258383842952,88.14155685953203,22:30:30 - 2018/06/29
0,0.0,0.0,15.696268748229409,925.7083354716963,84.82799741900973,23:30:30 - 2018/06/29
0,0.0,0.0,17.949984613105354,925.9133260436394,82.4861757199512,00:30:30 - 2018/06/30
0,0.0,0.0,21.262503274882075,925.9608807927117,79.78030600834434,01:30:30 - 2018/06/30
0,0.0,0.0,22.64608232348785,926.0601154744327,77.61855463624063,02:30:30 - 2018/06/30
0,0.0,0.0,20.02066115637071,926.1948051299704,76.85603574776368,03:30:31 - 2018/06/30
0,0.0,0.0,22.277046136073857,926.403321280009,75.4882871994986,04:30:31 - 2018/06/30
0,0.0,0.0,22.86997320341825,926.9457879152665,74.81490236540458,05:30:31 - 2018/06/30
0,0.0,0.0,25.090609752139077,927.4721053827224,75.12887644172108,06:30:31 - 2018/06/30
0,0.0,0.0,23.23412490579409,928.1495025550372,77.82593241941933,07:30:31 - 2018/06/30
0,0.0,0.0,22.472959900562927,928.295747995794,80.84109487899434,08:30:31 - 2018/06/30
0,0.0,0.0,18.577991254976467,928.0663393603792,83.87204083547813,09:30:31 - 2018/06/30
0,0.0,0.0,16.222420163944477,928.1307327850076,87.31432590363686,10:30:31 - 2018/06/30
0,0.0,0.0,13.472051945046651,927.6895647040544,90.66230649069813,11:30:31 - 2018/06/30
0,0.0,0.0,12.434593351927301,926.9077941149437,93.02463379232607,12:30:31 - 2018/06/30
0,0.0,0.0,7.631044730422134,926.212928387131,95.51924134372032,13:30:31 - 2018/06/30
0,0.0,0.0,7.518843372085938,925.593950917356,97.71268603543871,14:30:31 - 2018/06/30
0,0.0,0.0,7.270146840588643,924.8094503095757,97.74647637974172,15:30:32 - 2018/06/30
0,0.0,0.0,6.181023033976167,924.2081648794887,98.19682076365456,16:30:32 - 2018/06/30
0,0.0,0.0,6.117872146770528,924.0463817748043,97.92241931821482,17:30:32 - 2018/06/30
0,0.0,0.0,5.7282222865631205,924.2333969856328,100.42292655210369,18:30:32 - 2018/06/30
0,0.0,0.0,7.919047330165482,924.7030610904525,95.91656436627756,19:30:32 - 2018/06/30
0,0.0,0.0,9.680139197637462,925.4337438961383,91.84084436387812,20:30:32 - 2018/06/30
0,0.0,0.0,10.024613947799633,926.5121288007884,88.87558214871562,21:30:32 - 2018/06/30
0,0.0,0.0,11.576579357038867,926.9259052216696,85.95814210918863,22:30:32 - 2018/06/30
0,0.0,0.0,13.254628716808734,927.2012217533853,83.64543158190983,23:30:32 - 2018/06/30
0,0.0,0.0,15.193861496218412,927.299036363886,81.2744998627647,00:30:32 - 2018/07/01
0,0.0,0.0,17.894661207825227,927.0997002428693,78.23486352708144,01:30:32 - 2018/07/01
0,0.0,0.0,19.809768709878227,927.3401331788488,75.6298381655758,02:30:32 - 2018/07/01
0,0.0,0.0,18.333307695375925,927.6663131547667,74.46830829620568,03:30:33 - 2018/07/01
0,0.0,0.0,23.51048501640977,928.1202765810408,71.86508961108748,04:30:33 - 2018/07/01
0,0.0,0.0,27.646994688987608,928.7392680439242,69.24618450877871,05:30:33 - 2018/07/01
0,0.0,0.0,28.98407750507845,929.1720188548088,69.60092256877279,06:30:33 - 2018/07/01
0,0.0,0.0,23.58912010884696,929.5830559215874,72.10799282555338,07:30:33 - 2018/07/01
0,0.0,0.0,21.524792477470736,929.5664029078474,75.74051595985449,08:30:33 - 2018/07/01
0,0.0,0.0,14.230594565015712,929.2211586848452,80.41934165430078,09:30:33 - 2018/07/01
0,0.0,0.0,9.493427907853336,929.2255435807492,84.71440082715853,10:30:33 - 2018/07/01
0,0.0,0.0,8.414835562883477,929.0596516978882,88.15845105585177,11:30:33 - 2018/07/01
0,0.0,0.0,8.100462341791316,928.5113932746627,91.66082988089072,12:30:33 - 2018/07/01
0,0.0,0.0,7.878324282307276,927.8356817681433,94.36165022183704,13:30:34 - 2018/07/01
0,0.0,0.0,7.090374344207027,927.0537818885592,96.80792299699928,14:30:34 - 2018/07/01
0,0.0,0.0,7.04643331758983,926.372032599494,97.87056856529482,15:30:34 - 2018/07/01
0,0.0,0.0,6.860756259944424,925.8691306340172,99.01361926046656,16:30:34 - 2018/07/01
0,0.0,0.0,6.489156685311568,925.428137125399,98.94487286961932,17:30:34 - 2018/07/01
0,0.0,0.0,5.825901203531648,925.4574088817154,101.907402080606,18:30:34 - 2018/07/01
0,0.0,0.0,6.787554427507683,925.7252673873223,98.00806048493843,19:30:34 - 2018/07/01
0,0.0,0.0,8.873769821642023,926.2257931956473,93.20872778938258,20:30:34 - 2018/07/01
0,0.0,0.0,10.162795064047494,926.7324694627999,90.05993297707754,21:30:34 - 2018/07/01
0,0.0,0.0,11.175181402004409,927.292467436672,87.05683654677168,22:30:34 - 2018/07/01
0,0.0,0.0,11.25025040540464,927.3186104256496,85.57773687677664,23:30:34 - 2018/07/01
0,0.0,0.0,11.685073165922988,927.1010371876507,84.62993161699407,00:30:34 - 2018/07/02
0,0.0,0.0,13.18292252585182,926.8955485518167,82.04286443940481,01:30:34 - 2018/07/02
0,0.0,0.0,14.842472478288865,926.7728452302788,80.62439281188502,02:30:35 - 2018/07/02
0,0.0,0.0,20.456343464015426,926.9336740983034,76.37138079786136,03:30:35 - 2018/07/02
0,0.0,0.0,24.16214724309668,927.0619854039128,73.5450318321423,04:30:35 - 2018/07/02
0,0.0,0.0,24.992406358358693,927.5623034560574,72.74758140884072,05:30:35 - 2018/07/02
0,0.0,0.0,25.339993163563772,927.9336549826344,73.20077044118054,06:30:35 - 2018/07/02
0,0.0,0.0,24.831990847036533,928.1022402031888,75.91294046023734,07:30:35 - 2018/07/02
0,0.0,0.0,18.381395545992913,927.994265943674,79.76108254940075,08:30:35 - 2018/07/02
0,0.0,0.0,15.19633477390203,927.6944614349447,83.80563089361529,09:30:35 - 2018/07/02
0,0.0,0.0,10.913919747970596,927.6559589547003,88.1747626953107,10:30:35 - 2018/07/02
0,0.0,0.0,10.155315921254546,927.2590758336536,92.41293052282046,11:30:35 - 2018/07/02
0,0.0,0.0,8.542893948561117,926.8246014159474,96.39195503986568,12:30:35 - 2018/07/02
0,0.0,0.0,8.187357569427693,926.3142855929519,97.96436600659507,13:30:36 - 2018/07/02
0,0.0,0.0,7.5058772194605075,925.2985339541707,99.57873897691726,14:30:36 - 2018/07/02
0,0.0,0.0,7.4193591480607095,924.3691113326732,100.98280763798876,15:30:36 - 2018/07/02
0,0.0,0.0,7.4549766222818485,923.6840029974232,101.09932839292534,16:30:36 - 2018/07/02
0,0.0,0.0,7.280464577192607,923.3518621761824,101.26944884212708,17:30:36 - 2018/07/02
0,0.0,0.0,6.534892707519162,923.3768923302963,104.41903908692976,18:30:36 - 2018/07/02
0,0.0,0.0,7.322141373437463,923.4045503447524,100.12055659549671,19:30:36 - 2018/07/02
0,0.0,0.0,8.96602454951724,924.0129531722687,95.99171794826296,20:30:36 - 2018/07/02
0,0.0,0.0,10.251941631812556,924.7761227682657,93.3485461515285,21:30:36 - 2018/07/02
0,0.0,0.0,11.304069168971589,925.4285409812744,91.10098026185088,22:30:36 - 2018/07/02
0,0.0,0.0,11.915989003511953,925.483093438163,89.89564967125963,23:30:36 - 2018/07/02
0,0.0,0.0,12.796775308033652,925.6260824616327,88.23709647516583,00:30:36 - 2018/07/03
0,0.0,0.0,14.498614963903586,925.696998683085,85.55326980134271,01:30:36 - 2018/07/03
0,0.0,0.0,18.50524014409161,925.7919249032933,81.47780447260193,02:30:36 - 2018/07/03
0,0.0,0.0,21.287788705641372,926.0169942045154,79.15001072794693,03:30:37 - 2018/07/03
0,0.0,0.0,24.02457030336641,926.201970773409,76.7838034298261,04:30:37 - 2018/07/03
0,0.0,0.0,24.42910682810717,926.9259081257668,76.0084730308815,05:30:37 - 2018/07/03
0,0.0,0.0,27.06321800272948,927.3954654442418,76.05740436886785,06:30:37 - 2018/07/03
0,0.0,0.0,21.23718069429025,928.0016572186424,79.15933115826483,07:30:37 - 2018/07/03
0,0.0,0.0,17.292081827162836,928.0327501164473,83.27901264711545,08:30:37 - 2018/07/03
0,0.0,0.0,15.32424128298516,928.0465657282947,87.22927281393869,09:30:37 - 2018/07/03
0,0.0,0.0,12.809688844390822,927.8337784293711,90.55278387094124,10:30:37 - 2018/07/03
0,0.0,0.0,11.779998442816751,927.3517513224396,93.4493319606806,11:30:37 - 2018/07/03
0,0.0,0.0,11.297064594085633,926.6826739235917,96.39370280220899,12:30:37 - 2018/07/03
0,0.0,0.0,10.194031051974372,925.9982940066832,98.27372316101513,13:30:38 - 2018/07/03
0,0.0,0.0,9.813609257922096,925.3552297673376,99.65564201500231,14:30:38 - 2018/07/03
0,0.0,0.0,9.73478830294875,924.6323767048362,100.36058819224449,15:30:38 - 2018/07/03
0,0.0,0.0,9.46299505473918,924.070605764174,101.42500433708956,16:30:38 - 2018/07/03
0,0.0,0.0,9.443468170656093,923.7719097874277,101.33295275316095,17:30:38 - 2018/07/03
0,0.0,0.0,8.702512226059541,923.8108240268872,104.14637519174696,18:30:38 - 2018/07/03
0,0.0,0.0,10.461652290923244,924.2078349306906,99.73254508874321,19:30:38 - 2018/07/03
0,0.0,0.0,12.486200249696596,924.8833993562224,96.50031633997892,20:30:38 - 2018/07/03
0,0.0,0.0,14.598531355360965,925.93181754645,94.08958543874986,21:30:38 - 2018/07/03
0,0.0,0.0,15.401785790054252,926.534020775439,91.75753666623322,22:30:38 - 2018/07/03
0,0.0,0.0,15.327322074261856,927.0293644197884,90.10304280768659,23:30:39 - 2018/07/03
0,0.0,0.0,17.054504369371926,927.2784599684636,88.33205358670429,00:30:39 - 2018/07/04
0,0.0,0.0,18.055802718685445,927.6028707512697,87.36675591216948,01:30:39 - 2018/07/04
0,0.0,0.0,19.402631125545724,927.7471991171446,86.49059438997969,02:30:39 - 2018/07/04
0,0.0,0.0,20.047968632451507,928.0333990480536,84.83615307475186,03:30:39 - 2018/07/04
0,0.0,0.0,19.646272958921735,928.552201333104,84.88275682954402,04:30:39 - 2018/07/04
0,0.0,0.0,23.48996091713553,929.1170736740758,82.44831071540294,05:30:39 - 2018/07/04
0,0.0,0.0,30.30597340634426,929.9881531224253,80.83060928858222,06:30:39 - 2018/07/04
0,0.0,0.0,25.29099739120129,930.5749842525676,82.56889622150132,07:30:39 - 2018/07/04
0,0.0,0.0,22.777748424489193,930.6569343730592,85.87949777059984,08:30:39 - 2018/07/04
0,0.0,0.0,21.7555199914611,930.2989327613395,88.67285102982689,09:30:40 - 2018/07/04
0,0.0,0.0,17.950454147062047,929.9931383066628,91.22856289118401,10:30:40 - 2018/07/04
0,0.0,0.0,15.248986246139607,929.3952943248416,94.3028096206484,11:30:40 - 2018/07/04
0,0.0,0.0,13.489035311660945,928.8113074705043,96.85977341772085,12:30:40 - 2018/07/04
0,0.0,0.0,12.79089603527141,928.172124762249,98.31566993824028,13:30:40 - 2018/07/04
0,0.0,0.0,11.969789571395689,927.6004597707117,99.59155614745536,14:30:40 - 2018/07/04
0,0.0,0.0,11.329021092247254,926.944572945302,100.74801856543392,15:30:40 - 2018/07/04
0,0.0,0.0,11.480888078823837,926.4874501948514,101.17157130209335,16:30:40 - 2018/07/04
0,0.0,0.0,11.478683573703261,926.0046755970164,101.2321621533992,17:30:40 - 2018/07/04
0,0.0,0.0,10.473715170660924,926.0176409545606,103.56667459633316,18:30:40 - 2018/07/04
0,0.0,0.0,11.888756761258788,926.3473138830141,99.92713332852136,19:30:40 - 2018/07/04
0,0.0,0.0,13.882843513040182,926.7870569614554,96.22183959325224,20:30:40 - 2018/07/04
0,0.0,0.0,14.36353699488282,927.2457788610304,94.82188930777748,21:30:41 - 2018/07/04
0,0.0,0.0,15.226367785793615,927.5932770843964,93.9276284564464,22:30:41 - 2018/07/04
0,0.0,0.0,15.41916091427911,927.4209705148918,92.86151269985996,23:30:41 - 2018/07/04
0,0.0,0.0,16.194736543242772,927.6229417242618,92.29175528573393,00:30:41 - 2018/07/05
0,0.0,0.0,18.897973809885844,927.9343401318383,88.50507373954002,01:30:41 - 2018/07/05
0,0.0,0.0,18.490800336035207,928.2239499138016,88.68158943501301,02:30:41 - 2018/07/05
0,0.0,0.0,19.712129522662536,928.5999498526379,87.00149386389648,03:30:41 - 2018/07/05
0,0.0,0.0,21.336751865660744,929.060472651835,85.45248879058866,04:30:41 - 2018/07/05
0,0.0,0.0,25.7962610108532,929.6446799506688,81.91994916936248,05:30:41 - 2018/07/05
0,0.0,0.0,26.940470428224025,930.0756216544013,81.57916560328276,06:30:41 - 2018/07/05
0,0.0,0.0,24.064953033570088,930.6097502829783,83.22658393092252,07:30:41 - 2018/07/05
0,0.0,0.0,21.927906905326115,930.830607043922,85.76764810884633,08:30:41 - 2018/07/05
0,0.0,0.0,19.987702299141905,930.4408430828792,88.44157473992281,09:30:41 - 2018/07/05
0,0.0,0.0,17.445097864776443,930.0724080795762,92.60751017528976,10:30:42 - 2018/07/05
0,0.0,0.0,15.83961768346033,929.4750497365062,96.48866458388159,11:30:42 - 2018/07/05
0,0.0,0.0,14.240133426594891,928.3646981706546,100.55692497503306,12:30:42 - 2018/07/05
0,0.0,0.0,13.171258343719867,927.4259479757753,104.35436876355234,13:30:42 - 2018/07/05
0,0.0,0.0,22.162795617586685,927.3589053838311,100.53711650569456,14:30:42 - 2018/07/05
0,0.0,0.0,25.935956702984303,926.9030927147888,96.19562318720163,15:30:42 - 2018/07/05
0,0.0,0.0,24.78721633534861,927.9800248518784,95.06890422993791,16:30:42 - 2018/07/05
0,0.0,0.0,24.669732829354462,927.0761559162137,94.36922376608065,17:30:42 - 2018/07/05
0,0.0,0.0,22.06536119116398,927.2806163095447,95.0630784020661,18:30:42 - 2018/07/05
0,0.0,0.0,21.209456552914762,927.5591128145404,94.80266410520971,19:30:42 - 2018/07/05
0,0.0,0.0,24.044537035236768,928.2711708804643,93.43709784185278,20:30:42 - 2018/07/05
0,0.0,0.0,26.32018796881141,929.015418359944,91.2151637976461,21:30:42 - 2018/07/05
0,0.0,0.0,24.25952323667576,928.8338426860828,90.64191663579616,22:30:42 - 2018/07/05
0,0.0,0.0,23.354881238967906,929.0201146729587,93.19532853586617,23:30:42 - 2018/07/05
0,0.0,0.0,23.53995868028114,928.9783812335596,93.32990369643204,00:30:42 - 2018/07/06
0,0.0,0.0,24.932558935695425,929.3282665677533,92.55158306617243,01:30:43 - 2018/07/06
0,0.0,0.0,26.2265574928136,929.640412881707,91.70510526959114,02:30:43 - 2018/07/06
0,0.0,0.0,26.147968223743945,930.0045037404616,91.00252615379551,03:30:43 - 2018/07/06
0,0.0,0.0,26.977191371763894,930.1469732348185,90.25159703954408,04:30:43 - 2018/07/06
0,0.0,0.0,26.458234602443518,930.4743242677698,89.43658938153793,05:30:43 - 2018/07/06
0,0.0,0.0,27.221781708825866,931.391778527973,89.13132664357445,06:30:43 - 2018/07/06
0,0.0,0.0,28.99887326204949,931.857926926936,89.49775850920206,07:30:43 - 2018/07/06
0,0.0,0.0,28.43618836802286,932.1769579833636,90.83474650668768,08:30:43 - 2018/07/06
0,0.0,0.0,27.200863031610407,932.1273439894287,92.54342703100184,09:30:43 - 2018/07/06
0,0.0,0.0,25.30897245966888,931.8751435020777,94.62206382624711,10:30:43 - 2018/07/06
0,0.0,0.0,23.08458148529966,931.3890157593414,97.02464621155208,11:30:43 - 2018/07/06
0,0.0,0.0,19.858290551516934,930.3364339780838,99.84964756496956,12:30:44 - 2018/07/06
0,0.0,0.0,18.618382686279066,929.5979691484607,101.47277796407481,13:30:44 - 2018/07/06
0,0.0,0.0,16.509541623836707,928.6862902374206,103.01435872777841,14:30:44 - 2018/07/06
0,0.0,0.0,14.718021753575773,927.816736251864,103.94653847626651,15:30:44 - 2018/07/06
0,0.0,0.0,13.688157851396337,927.17943316731,104.98534245520544,16:30:44 - 2018/07/06
0,0.0,0.0,13.634029566116032,926.6244670954744,105.04418684612757,17:30:44 - 2018/07/06
0,0.0,0.0,12.382891257746696,926.7495878887828,107.32515135363985,18:30:44 - 2018/07/06
0,0.0,0.0,14.143354708643502,927.154111692864,103.66280571072431,19:30:44 - 2018/07/06
0,0.0,0.0,16.027718055602033,927.6593041872087,99.9119857328001,20:30:44 - 2018/07/06
0,0.0,0.0,17.08929338194871,928.3426994729756,97.63694908183508,21:30:44 - 2018/07/06
0,0.0,0.0,18.00493724381029,928.478434110683,95.85539287119646,22:30:44 - 2018/07/06
0,0.0,0.0,19.09960253233705,928.5023104560696,94.47816632539032,23:30:45 - 2018/07/06
0,0.0,0.0,20.80369557248184,928.4272161186664,92.70363493814848,00:30:45 - 2018/07/07
0,0.0,0.0,20.463754756706567,928.3204503433516,91.47149447045223,01:30:45 - 2018/07/07
0,0.0,0.0,21.194654274664558,928.3871310349617,91.09748484872992,02:30:45 - 2018/07/07
0,0.0,0.0,23.459594963482214,929.075319309759,89.53038205318128,03:30:45 - 2018/07/07
0,0.0,0.0,25.848723814383025,929.1917524894876,87.38248491796148,04:30:45 - 2018/07/07
0,0.0,0.0,27.721064589984657,929.685459268452,85.68492601170192,05:30:45 - 2018/07/07
0,0.0,0.0,31.40455321551745,930.1045190242153,85.62608848884494,06:30:45 - 2018/07/07
0,0.0,0.0,27.73006217495689,930.318308242012,87.33762812760499,07:30:45 - 2018/07/07
0,0.0,0.0,25.70280235367794,930.3230337403224,90.51433445775363,08:30:45 - 2018/07/07
0,0.0,0.0,22.102065343024574,930.0621378125787,94.20202329285576,09:30:46 - 2018/07/07
0,0.0,0.0,18.73154600363234,929.7774101936914,97.96786156443895,10:30:46 - 2018/07/07
0,0.0,0.0,16.552417347041025,929.072900364456,101.5945425145953,11:30:46 - 2018/07/07
0,0.0,0.0,15.055078999543795,928.522204925119,104.07413098693644,12:30:46 - 2018/07/07
0,0.0,0.0,13.075103555186653,927.2262572634396,105.96297771688653,13:30:46 - 2018/07/07
0,0.0,0.0,12.787102452474851,925.7038136783444,107.06471780458124,14:30:46 - 2018/07/07
0,0.0,0.0,12.44175053810075,924.721143935094,107.46731212116421,15:30:46 - 2018/07/07
0,0.0,0.0,12.609115061197047,923.8800086151416,106.18437386833004,16:30:46 - 2018/07/07
0,0.0,0.0,12.51957121459928,923.4254282922667,107.73065943862689,17:30:46 - 2018/07/07
0,0.0,0.0,26.93987009855801,925.0155382052112,95.23843591062972,18:30:46 - 2018/07/07
0,0.0,0.0,25.430576293876342,925.180359267968,94.82538479939285,19:30:46 - 2018/07/07
0,0.0,0.0,27.73041301763949,926.453592352168,93.19882399320086,20:30:46 - 2018/07/07
0,0.0,0.0,32.182010296037866,927.3218957091112,91.88511980063534,21:30:47 - 2018/07/07
0,0.0,0.0,32.89293187759082,927.5964066548146,91.0246637587974,22:30:47 - 2018/07/07
0,0.0,0.0,32.68120380062436,927.8140901716583,90.05061193409495,23:30:47 - 2018/07/07
0,0.0,0.0,38.115040160064986,927.7326413819393,89.15288143678785,00:30:47 - 2018/07/08
0,0.0,0.0,41.82673549805503,927.102984305571,87.32364679283121,01:30:47 - 2018/07/08
0,0.0,0.0,45.54386848017763,927.2161110226108,86.07931271867884,02:30:47 - 2018/07/08
0,0.0,0.0,41.413405550183775,927.2078282079276,85.7420159053192,03:30:47 - 2018/07/08
0,0.0,0.0,39.63958231343846,927.4056991531676,85.30393885750564,04:30:47 - 2018/07/08
0,0.0,0.0,41.95861889515047,927.8159930409304,83.97689869256621,05:30:47 - 2018/07/08
0,0.0,0.0,43.51656674965169,928.4949143298227,83.16599965729884,06:30:47 - 2018/07/08
0,0.0,0.0,38.16985233779327,929.1086056836928,84.8210068572643,07:30:47 - 2018/07/08
0,0.0,0.0,33.728216656635226,929.4048861558366,87.81415932586708,08:30:48 - 2018/07/08
0,0.0,0.0,30.580670552354608,929.237264703638,90.64016893406406,09:30:48 - 2018/07/08
0,0.0,0.0,27.15182021170132,928.9624071780291,93.45574030899816,10:30:48 - 2018/07/08
0,0.0,0.0,24.05074580884138,928.1832853137385,95.93404194044464,11:30:48 - 2018/07/08
0,0.0,0.0,21.960476852705078,927.5128444969986,98.62211477147495,12:30:48 - 2018/07/08
0,0.0,0.0,20.665442636372624,926.5684460721218,99.9650023238767,13:30:48 - 2018/07/08
0,0.0,0.0,21.059996832556948,925.4953021686324,100.50856900992687,14:30:48 - 2018/07/08
0,0.0,0.0,20.45356000092121,924.4962883535068,100.84764366480972,15:30:48 - 2018/07/08
0,0.0,0.0,19.227715215601545,923.4910093606284,100.86861737756621,16:30:48 - 2018/07/08
0,0.0,0.0,19.81321155116246,923.3391583751164,100.25746777923777,17:30:48 - 2018/07/08
0,0.0,0.0,31.357143248724302,924.7321157918193,93.13357546843365,18:19:37 - 2018/07/08
0,10.0,10543.0,31.50600603415748,924.6345919354384,93.02638151918543,18:19:53 - 2018/07/08
0,10.0,5800.0,32.58131965094607,924.7142966802904,91.03981054286969,18:26:26 - 2018/07/08
0,10.0,26261.0,34.77672105620102,925.1989910910443,90.40073397086522,18:31:36 - 2018/07/08
0,8.0,4509.0,36.306117991581004,925.8577443190692,88.64780093751179,18:36:53 - 2018/07/08
0,5.0,28866.0,44.60784275253196,925.931126649056,89.20356433997631,18:42:38 - 2018/07/08
0,1.0,77734.0,51.48522763092273,926.215612962051,87.43200216815849,18:48:50 - 2018/07/08
0,1.0,7862.0,41.91662689797028,925.6024999430972,87.29510157132799,18:54:18 - 2018/07/08
0,1.0,29944.0,46.08500063849982,925.8629651094503,86.45272847109591,18:59:19 - 2018/07/08
0,1.0,10891.0,45.80836208897627,925.893246583008,86.20863913994228,19:04:29 - 2018/07/08
0,1.0,1794.0,46.53747756878438,926.0003465174527,86.2237854841652,19:09:41 - 2018/07/08
0,1.0,52901.0,48.51984694883563,926.0863479134157,83.43862906290641,19:15:10 - 2018/07/08
0,0.0,0.0,50.51847041977759,926.043950168952,82.18966383864654,19:19:37 - 2018/07/08
0,1.0,65152.0,50.17305443036918,926.270546448182,82.19840190222304,19:20:21 - 2018/07/08
0,1.0,117593.0,51.48086645616165,926.0561472667399,81.3321707726097,19:25:32 - 2018/07/08
0,1.0,12127.0,51.71156251948607,926.0611189467874,81.1317790104932,19:30:37 - 2018/07/08
0,1.0,56003.0,49.529763249864644,926.0158925424522,81.11721566512708,19:35:54 - 2018/07/08
0,1.0,39944.0,46.52209689135007,925.8626939760808,81.73994545489013,19:41:18 - 2018/07/08
0,1.0,4751.0,46.55893684205165,925.9173701477347,81.48945517412648,19:47:25 - 2018/07/08
0,12.0,20855.0,49.780807835192356,925.8571679100197,80.72517088851454,19:58:11 - 2018/07/08
0,8.0,5634.0,49.22668100291709,925.817224338645,80.91565909660159,20:03:45 - 2018/07/08
0,8.0,21013.0,47.01596407405278,925.6906188834473,81.48421235833914,20:09:39 - 2018/07/08
0,8.0,5292.0,43.28404063431528,925.9360456663879,82.44714563847702,20:15:12 - 2018/07/08
0,0.0,0.0,43.720130426946746,925.8910464319696,82.51996296207828,20:19:37 - 2018/07/08
0,0.0,0.0,41.633755319144846,926.7010989774263,83.93670317284588,21:19:37 - 2018/07/08
0,0.0,0.0,31.736124077975393,924.99709717912,95.87403561016436,15:55:38 - 2018/07/20
0,0.0,0.0,31.789822165942322,924.8770651448981,96.17173713196327,16:55:38 - 2018/07/20
0,0.0,0.0,32.197782594773656,925.140029030692,95.86180131248031,17:55:38 - 2018/07/20
0,0.0,0.0,34.663481505311665,924.7294073205718,94.38728375759564,18:55:38 - 2018/07/20
0,0.0,0.0,36.33515292740622,925.8946122609244,93.07123984821257,19:55:39 - 2018/07/20
0,0.0,0.0,39.55095552884424,927.0839052126248,91.60898108546436,20:55:39 - 2018/07/20
0,0.0,0.0,44.146781630305824,927.2582407085953,90.5393848320003,21:55:39 - 2018/07/20
0,0.0,0.0,47.46722965945614,927.055341051274,89.2157981465148,22:55:39 - 2018/07/20
0,0.0,0.0,49.6289743584001,926.8171920802963,88.4147770042604,23:55:39 - 2018/07/20
0,0.0,0.0,49.933212619271444,927.9818515663479,87.56074708786446,00:55:39 - 2018/07/21
0,0.0,0.0,48.85723552674368,929.2754460830316,85.13791261917461,01:55:39 - 2018/07/21
0,34.0,2118.0,46.583020761750475,929.1599475703156,84.95266248628863,02:03:38 - 2018/07/21
0,14.0,31729.0,63.976717888444654,929.3042369945138,80.5008960616083,02:51:33 - 2018/07/21
0,0.0,0.0,65.26706475822876,929.2570632329297,80.15429010755216,02:55:39 - 2018/07/21
0,14.0,3760.0,68.05694630739471,929.0946993244354,80.0436093672678,03:01:24 - 2018/07/21
0,0.0,0.0,69.46508517491964,928.5824208843968,77.78748595688678,03:55:39 - 2018/07/21
0,0.0,0.0,70.06280539585647,927.8948886804448,78.14165976708912,04:55:39 - 2018/07/21
0,0.0,0.0,66.46402132963748,929.432591319544,78.5599120499862,05:55:40 - 2018/07/21
0,0.0,0.0,66.09896839501695,930.4006418554584,77.71467071136722,06:55:40 - 2018/07/21
0,0.0,0.0,58.677622114358904,930.6002655264008,78.44165955662756,07:55:40 - 2018/07/21
0,0.0,0.0,48.862745338674,930.5743446080301,82.17218771287479,08:55:40 - 2018/07/21
0,0.0,0.0,46.74698170514486,930.5825532446562,84.48895551378602,09:55:40 - 2018/07/21
0,0.0,0.0,44.267115509855984,930.3593881557947,86.46496207471294,10:55:40 - 2018/07/21
0,0.0,0.0,38.0806800004753,929.7917653975188,89.34978751529026,11:55:40 - 2018/07/21
0,0.0,0.0,36.49482263925229,929.199856540679,91.73772924777586,12:55:40 - 2018/07/21
0,0.0,0.0,32.029591444163444,928.5156478556122,93.45865319467892,13:55:40 - 2018/07/21
0,0.0,0.0,31.026923974092718,928.0648796525876,94.65119289019779,14:55:40 - 2018/07/21
0,0.0,0.0,30.02024281889437,927.5619654725881,95.02754085647932,15:55:41 - 2018/07/21
0,0.0,0.0,28.36997001098948,927.54156989384,95.66488750248257,16:55:41 - 2018/07/21
0,0.0,0.0,29.644107121840328,926.9959397224454,97.1312601548886,17:55:41 - 2018/07/21
0,0.0,0.0,28.965644620669323,927.4344406294788,97.8338652331382,18:55:41 - 2018/07/21
0,0.0,0.0,33.161397465995634,928.0912299155199,93.29786198163102,19:55:41 - 2018/07/21
0,0.0,0.0,35.10315952238172,928.7855489366266,91.52043037120613,20:55:41 - 2018/07/21
0,0.0,0.0,36.291005842242505,929.1974719324508,90.60696260465349,21:55:41 - 2018/07/21
0,0.0,0.0,37.797933583778594,929.1273709829304,89.55251946167911,22:55:41 - 2018/07/21
0,0.0,0.0,38.66413760464551,929.3520416149968,88.0838835816132,23:55:41 - 2018/07/21
0,0.0,0.0,42.89753487715039,929.3573004557268,86.507488418117,00:55:41 - 2018/07/22
0,0.0,0.0,43.085844427675646,929.0949509882685,85.84279709202158,01:55:42 - 2018/07/22
0,0.0,0.0,46.43508174860482,929.3606960176396,84.66197165716413,02:55:42 - 2018/07/22
0,0.0,0.0,49.243914094011046,929.366923370157,83.2813428126643,03:55:42 - 2018/07/22
0,0.0,0.0,53.54871638596322,929.6530194795228,81.54712615872715,04:55:42 - 2018/07/22
0,0.0,0.0,56.13189217610889,930.061394374894,80.33487463187241,05:55:42 - 2018/07/22
0,0.0,0.0,54.71307673491007,930.5687082803624,81.34789920604828,06:55:42 - 2018/07/22
0,0.0,0.0,49.76219615881456,930.878639699592,83.66174277747989,07:55:42 - 2018/07/22
0,0.0,0.0,44.446489941961175,930.6888793296092,86.42476595193148,08:55:42 - 2018/07/22
0,0.0,0.0,40.25240870374128,930.6756550557834,89.28628819224541,09:55:42 - 2018/07/22
0,0.0,0.0,29.593793583965038,930.2498125418429,93.29145363941365,10:55:42 - 2018/07/22
0,0.0,0.0,28.804477413609266,929.5995138976162,95.19648991164459,11:55:42 - 2018/07/22
0,0.0,0.0,24.20651108651351,928.8779159590899,96.98153458179287,12:55:42 - 2018/07/22
0,0.0,0.0,21.222377621486487,928.4518112147467,99.02993196756228,13:55:43 - 2018/07/22
0,0.0,0.0,20.56043277842445,927.7947081570493,100.25746777923777,14:55:43 - 2018/07/22
0,0.0,0.0,18.50136493931008,927.1500314859308,100.70781898087529,15:55:43 - 2018/07/22
0,0.0,0.0,17.321312081908342,926.8222547958336,101.90448904654345,16:55:43 - 2018/07/22
0,0.0,0.0,18.683793278515125,926.1852339424803,101.18846682571285,17:55:43 - 2018/07/22
0,0.0,0.0,17.001318639791265,926.2864337824284,103.366255967303,18:55:43 - 2018/07/22
0,0.0,0.0,20.956357876706893,927.0965900515613,97.94339266107893,19:55:43 - 2018/07/22
0,0.0,0.0,23.265004934537053,927.8680693046796,95.2821296708531,20:55:43 - 2018/07/22
0,0.0,0.0,23.087860809897624,927.5040504538437,93.96549608202768,21:55:43 - 2018/07/22
0,0.0,0.0,25.98464767976298,927.8812567857739,92.85743467460388,22:55:43 - 2018/07/22
0,0.0,0.0,30.206517804048186,927.4738000396055,90.20790460459656,23:55:43 - 2018/07/22
0,0.0,0.0,29.276796720585068,927.319797278737,89.44882320526588,00:55:43 - 2018/07/23
0,0.0,0.0,31.560407290746365,927.1024117032644,87.9737801067347,01:55:44 - 2018/07/23
0,0.0,0.0,34.803943571984505,927.0416213778616,86.2331063120669,02:55:44 - 2018/07/23
0,0.0,0.0,36.32368002476501,926.9507665940764,84.72255647731409,03:55:44 - 2018/07/23
0,0.0,0.0,38.56476535238588,927.2510171064287,83.28483806104896,04:55:44 - 2018/07/23
0,0.0,0.0,41.18724680402535,927.6274385103192,81.8512098637527,05:55:44 - 2018/07/23
0,0.0,0.0,40.34438681659619,928.0407331119741,82.53277881434106,06:55:44 - 2018/07/23
0,0.0,0.0,33.22236960534985,928.2389005300737,85.56608588802456,07:55:44 - 2018/07/23
0,0.0,0.0,28.99249494609521,928.0604964737917,88.7270291494031,08:55:44 - 2018/07/23
0,0.0,0.0,25.23662292545844,928.2599389491941,92.10300172740507,09:55:44 - 2018/07/23
0,0.0,0.0,22.270043365608693,927.7909958407539,96.10998295631464,10:55:44 - 2018/07/23
0,0.0,0.0,20.20243005319384,927.3092523283376,99.19655471049677,11:55:45 - 2018/07/23
0,0.0,0.0,17.029209391863173,926.8455484516702,102.42592295875411,12:55:45 - 2018/07/23
0,0.0,0.0,16.875205285589566,925.9819550767579,103.52822216617615,13:55:45 - 2018/07/23
0,0.0,0.0,14.90469020711342,925.1939522777898,105.32675673689856,14:55:45 - 2018/07/23
0,0.0,0.0,14.49327265155863,924.5853040126224,106.0352227443514,15:55:45 - 2018/07/23
0,0.0,0.0,13.522802969281615,924.1435333553239,106.43781456233118,16:55:45 - 2018/07/23
0,0.0,0.0,12.4012111397535,924.2822040377356,107.95264057741295,17:55:45 - 2018/07/23
0,0.0,0.0,12.1707056546868,924.4019308565636,109.18898190824085,18:55:45 - 2018/07/23
0,0.0,0.0,16.101074941810342,924.7614960229221,103.34236887941252,19:55:45 - 2018/07/23
0,0.0,0.0,15.862070968326375,925.4293227796812,101.17972776155683,20:55:45 - 2018/07/23
0,0.0,0.0,15.647083796797382,925.9984791234313,100.49808217598084,21:55:45 - 2018/07/23
0,0.0,0.0,15.887033764035642,926.05831979525,99.24898847541529,22:55:46 - 2018/07/23
0,0.0,0.0,21.821973392182088,926.3331899394583,95.4662261736812,23:55:46 - 2018/07/23
0,0.0,0.0,24.789785350973176,926.4610156114813,92.87840737698907,00:55:46 - 2018/07/24
0,0.0,0.0,27.94656829035408,926.2893706159584,89.84904450775112,01:55:46 - 2018/07/24
0,0.0,0.0,26.313190324092695,926.3442064337984,89.64048656148952,02:55:46 - 2018/07/24
0,0.0,0.0,27.53059330377723,926.467716108208,88.92276959987358,03:55:46 - 2018/07/24
0,0.0,0.0,29.347579671451978,926.9739697814156,87.09295493923939,04:55:46 - 2018/07/24
0,0.0,0.0,31.609687617699837,927.4872774617927,85.93017967341758,05:55:46 - 2018/07/24
0,0.0,0.0,33.245041767234405,927.7497142305292,85.5445315609911,06:55:46 - 2018/07/24
0,0.0,0.0,31.10045897721417,928.4516972072148,88.2242801820673,07:55:46 - 2018/07/24
0,0.0,0.0,24.214280239502592,929.5652390225086,93.20639748434543,08:55:46 - 2018/07/24
0,0.0,0.0,19.95694097896217,929.8485319286713,98.027868652246,09:55:47 - 2018/07/24
0,0.0,0.0,18.183646535866067,929.5425349298503,98.90292593326895,10:55:47 - 2018/07/24
0,0.0,0.0,17.62093256094139,928.9442920823,99.70516292961149,11:55:47 - 2018/07/24
0,0.0,0.0,15.325338276653099,928.0728154098018,101.75475916462356,12:55:47 - 2018/07/24
0,0.0,0.0,12.367809678856265,927.2845167639188,104.81113987573916,13:55:47 - 2018/07/24
0,0.0,0.0,11.530466233787743,926.4669213819783,107.27737604108582,14:55:47 - 2018/07/24
0,0.0,0.0,10.699975572834923,925.8244051530928,109.26647203461829,15:55:47 - 2018/07/24
0,0.0,0.0,9.478267004321301,925.5220421249657,109.95631054461184,16:55:47 - 2018/07/24
0,0.0,0.0,11.90764272880111,925.5618954918712,109.85726260919958,17:55:47 - 2018/07/24
0,0.0,0.0,11.70482232678424,926.1946741414473,109.02934070935585,18:55:47 - 2018/07/24
0,0.0,0.0,12.996064003207225,926.4999747573356,104.2320195720812,19:55:47 - 2018/07/24
0,0.0,0.0,14.979227348486415,926.966701144278,101.75825480234926,20:55:48 - 2018/07/24
0,0.0,0.0,18.52168843163396,927.7955304976567,99.97199352396463,21:55:48 - 2018/07/24
0,0.0,0.0,21.87822095807272,928.1481750195152,97.72433787752415,22:55:48 - 2018/07/24
0,0.0,0.0,23.11195166773012,928.4297789456878,96.55391442856936,23:55:48 - 2018/07/24
0,0.0,0.0,24.175990144583807,928.7387796674808,95.39107282980652,00:55:48 - 2018/07/25
0,0.0,0.0,27.398324851752605,928.5160965691232,92.63256086569746,01:55:48 - 2018/07/25
0,0.0,0.0,30.662937150125593,928.509677367702,89.90904865819223,02:55:48 - 2018/07/25
0,0.0,0.0,31.527184414286772,928.516099218462,88.4491480138296,03:55:48 - 2018/07/25
0,0.0,0.0,33.80893453561058,928.7099925411404,86.84362168054821,04:55:48 - 2018/07/25
0,0.0,0.0,34.341443982980394,929.2858099964797,86.39272557118522,05:55:48 - 2018/07/25
0,0.0,0.0,36.452695732839324,929.8464563607712,87.40112670453564,06:55:48 - 2018/07/25
0,0.0,0.0,34.64815058335412,930.4989715238758,89.36085620711674,07:53:08 - 2018/07/25
0,0.0,0.0,29.27352928818057,930.7899073768888,91.7808395145058,08:53:08 - 2018/07/25
0,0.0,0.0,24.91495058192471,930.30798593143,96.13095606999426,09:53:08 - 2018/07/25
0,0.0,0.0,20.214022256056136,929.8504295189168,99.86829075289316,10:53:08 - 2018/07/25
0,0.0,0.0,15.939983144828654,929.1912977038672,103.50783072955832,11:53:08 - 2018/07/25
0,0.0,0.0,14.653694308050607,928.3222807067835,105.73983400009287,12:53:09 - 2018/07/25
0,0.0,0.0,15.974143387952447,927.461084682579,107.24474900627311,13:53:09 - 2018/07/25
0,0.0,0.0,14.190039378556964,926.651553211837,107.998668199803,14:53:09 - 2018/07/25
0,0.0,0.0,13.107039956093097,925.846650734478,108.21890181026785,15:53:09 - 2018/07/25
0,0.0,0.0,12.908711906530616,925.336585965966,108.56789693992614,16:53:09 - 2018/07/25
0,0.0,0.0,13.638121529591432,924.9073691722967,106.97033259244465,17:53:09 - 2018/07/25
0,0.0,0.0,12.419970969734347,925.2475751344967,108.56847957013879,18:53:09 - 2018/07/25
0,0.0,0.0,14.977617508523126,925.5471067707554,104.50351837616907,19:53:09 - 2018/07/25
0,0.0,0.0,18.759423484646987,926.7217413261592,101.78971554519566,20:41:46 - 2018/07/25
0,0.0,0.0,22.842705322104802,928.6520626255436,98.13331805331808,21:41:46 - 2018/07/25
0,0.0,0.0,26.297835210651282,929.6421144563012,95.75169267393404,22:41:46 - 2018/07/25
0,0.0,0.0,29.12144713572074,929.7990226632944,93.33048627312208,23:41:46 - 2018/07/25
0,0.0,0.0,30.13941807731898,929.4117657314247,91.94920269056033,00:41:46 - 2018/07/26
0,0.0,0.0,31.95244780260229,928.6783664341721,90.50617852276892,01:41:46 - 2018/07/26
0,0.0,0.0,33.8605508794163,928.3169848495472,88.94024643704296,02:41:46 - 2018/07/26
0,0.0,0.0,35.068854719609455,928.7630620931101,88.01455916298141,03:41:46 - 2018/07/26
0,0.0,0.0,37.27636130137408,928.9399089713166,86.95022907939466,04:41:46 - 2018/07/26
0,0.0,0.0,40.9194550609331,929.4955929943867,85.7140535059898,05:41:47 - 2018/07/26
0,0.0,0.0,41.492612558321134,929.7990881249913,86.0630012853214,06:41:47 - 2018/07/26
0,0.0,0.0,40.476882153343546,930.0136394517323,86.99858109162517,07:41:47 - 2018/07/26
0,0.0,0.0,38.03746020016767,929.9342925963356,88.61809036781065,08:41:47 - 2018/07/26
0,0.0,0.0,31.950877126591863,929.6423420262073,91.7557889527448,09:41:47 - 2018/07/26
0,0.0,0.0,26.073285425742284,929.51087587479,95.22736682653385,10:41:47 - 2018/07/26
0,0.0,0.0,22.78748280221773,928.7828974703945,98.81320613279706,11:41:47 - 2018/07/26
0,0.0,0.0,23.424232228089398,928.2940399477446,98.5283169582093,12:41:47 - 2018/07/26
0,0.0,0.0,22.3054246018638,927.4211292654961,99.08178308291365,13:41:47 - 2018/07/26
0,0.0,0.0,21.433512764479254,926.6789767152527,100.27378060866505,14:41:47 - 2018/07/26
0,0.0,0.0,20.77249299393649,925.5517091723607,100.97348598112995,15:41:48 - 2018/07/26
0,0.0,0.0,20.1110511674344,924.9708944090387,101.64056837276048,16:41:48 - 2018/07/26
0,0.0,0.0,19.60610009073267,924.4258288839368,102.227836139812,17:41:48 - 2018/07/26
0,0.0,0.0,19.22469826568892,924.527700425678,103.12272435443927,18:41:48 - 2018/07/26
0,0.0,0.0,21.294018740860537,925.1924596618152,99.86479515499786,19:41:48 - 2018/07/26
0,0.0,0.0,22.511355681308324,925.6018874727516,98.34596483950035,20:41:48 - 2018/07/26
0,0.0,0.0,23.60320038462007,926.0185045416944,97.65617461293616,21:41:48 - 2018/07/26
0,0.0,0.0,25.923947438390922,926.8738276218193,96.2276654618262,22:20:09 - 2018/07/26
0,1.0,403735.0,28.11148286894581,926.472922052614,94.67857421497612,22:50:12 - 2018/07/26
0,0.0,0.0,26.42907099314063,926.3148341547206,94.77470017818024,23:20:09 - 2018/07/26
0,0.0,0.0,25.154207824125226,925.8429768144335,93.76508905407536,00:20:09 - 2018/07/27
0,0.0,0.0,30.64253150951302,926.1357814884557,92.10008886553379,01:20:09 - 2018/07/27
0,0.0,0.0,32.29474231907955,926.5559790414854,90.23470262999945,02:20:09 - 2018/07/27
0,0.0,0.0,35.967316694474995,926.8800846608093,88.71421281844276,03:20:09 - 2018/07/27
0,0.0,0.0,37.950576287194366,926.6452891110235,87.34986179649893,04:20:09 - 2018/07/27
0,0.0,0.0,39.96516296456545,927.167475543562,85.9738709813818,05:20:09 - 2018/07/27
0,0.0,0.0,40.217790426788646,928.1112595671308,85.7513367061434,06:20:10 - 2018/07/27
0,0.0,0.0,39.256792408796436,928.4502847391084,86.7678896902141,07:20:10 - 2018/07/27
0,0.0,0.0,36.28884785909389,928.6388723775833,88.72120354429835,08:20:10 - 2018/07/27
0,0.0,0.0,32.73868134985196,928.7985246594084,91.16914083243464,09:20:10 - 2018/07/27
0,0.0,0.0,27.956953427531825,928.702750588282,94.72576331722368,10:20:10 - 2018/07/27
0,0.0,0.0,24.26381842228586,928.4697671986156,98.09952763020556,11:20:10 - 2018/07/27
0,0.0,0.0,21.712722857965044,927.7542498945191,100.37165761891993,12:20:10 - 2018/07/27
0,0.0,0.0,19.93919832160804,927.0464567204152,102.93337585945294,13:20:10 - 2018/07/27
0,0.0,0.0,19.89508622541541,926.2684353560776,102.63566220135807,14:20:10 - 2018/07/27
0,0.0,0.0,18.619010733205247,925.1184767242636,105.608161869389,15:20:10 - 2018/07/27
0,0.0,0.0,18.37281430663755,924.4234533289036,105.51319486654587,16:20:10 - 2018/07/27
0,0.0,0.0,18.56401103151681,923.8470002505452,104.67830324912102,17:20:11 - 2018/07/27
0,0.0,0.0,17.99387906611244,924.0502351126753,106.81710239328034,18:20:11 - 2018/07/27
0,0.0,0.0,25.2024679120291,924.3287874169016,102.82501035649469,19:20:11 - 2018/07/27
0,0.0,0.0,22.543126155591803,924.98993579551,98.96992451722151,20:02:06 - 2018/07/27
0,0.0,0.0,27.11597454224552,925.446281243494,95.61944588722174,20:26:48 - 2018/07/27
0,0.0,0.0,36.33862171745759,927.2840968134053,90.1176069421815,21:26:48 - 2018/07/27
0,0.0,0.0,52.57471604273624,927.42034963711,84.31943482110628,22:26:48 - 2018/07/27
0,0.0,0.0,50.951631677383155,928.1347154658264,84.07942643916077,23:26:48 - 2018/07/27
0,0.0,0.0,55.08180222685471,928.6946480866903,82.89045799977733,00:26:48 - 2018/07/28
0,0.0,0.0,54.62115140072222,928.6214487054614,82.68190880439862,01:26:48 - 2018/07/28
0,0.0,0.0,55.13829885689787,927.9468554946933,82.35160935840686,02:26:48 - 2018/07/28
0,0.0,0.0,59.03418114445451,928.6675941480713,81.72887727170355,03:26:48 - 2018/07/28
0,0.0,0.0,59.840417306927435,928.886857575632,81.0968269837632,04:26:48 - 2018/07/28
0,0.0,0.0,61.52399187677634,929.2042429987157,80.3709915603351,05:26:49 - 2018/07/28
0,0.0,0.0,61.4926020057119,929.6410461109613,80.43914772095934,06:26:49 - 2018/07/28
0,0.0,0.0,57.652088915789,930.3478001894728,82.04635966168605,07:26:49 - 2018/07/28
0,0.0,0.0,50.04148350323571,930.5120327817826,84.54721008735935,08:26:49 - 2018/07/28
0,0.0,0.0,42.95866728394769,930.5070689127936,87.88348366072896,09:26:49 - 2018/07/28
0,0.0,0.0,37.45261527099893,930.2262216274112,91.43945311468559,10:26:49 - 2018/07/28
0,0.0,0.0,32.91161854419166,929.847784519748,94.49389600564112,11:26:49 - 2018/07/28
0,0.0,0.0,29.65834059626381,929.168372831002,96.92677117636495,12:26:49 - 2018/07/28
0,0.0,0.0,27.35525957128032,928.1438587587455,98.74154684650179,13:26:49 - 2018/07/28
0,0.0,0.0,25.467460975197703,927.1893797781676,100.13337380790337,14:26:49 - 2018/07/28
0,0.0,0.0,22.96999825303376,926.2900592880119,102.47486209164026,15:26:49 - 2018/07/28
0,0.0,0.0,35.731161224582706,925.6380534779896,97.2244745877285,16:26:50 - 2018/07/28
0,0.0,0.0,34.27350243105912,927.0317200116624,94.10881055866092,17:26:50 - 2018/07/28
0,0.0,0.0,36.233787309290726,926.7920355267228,92.93549974691851,18:26:50 - 2018/07/28
0,0.0,0.0,40.930608993677026,927.4969949812164,91.46217334813619,19:26:50 - 2018/07/28
0,0.0,0.0,41.82693340828132,928.8719431435228,90.17469836173487,20:26:50 - 2018/07/28
0,0.0,0.0,46.20577255003179,930.3070517670852,88.32739311370361,21:17:31 - 2018/07/28
0,0.0,0.0,46.0091401270746,930.3231225206247,88.34836524323809,21:19:10 - 2018/07/28
0,0.0,0.0,45.880510767378034,930.311179753911,88.4468177756676,21:19:57 - 2018/07/28
0,5.0,184018.0,63.324326326795465,930.7728819870264,81.86227805510427,22:07:49 - 2018/07/28
0,0.0,0.0,61.88276157708467,930.4692747689737,81.71955669696156,22:19:57 - 2018/07/28
0,1.0,488635.0,62.2211321545547,930.4873426180716,81.71198373036941,22:24:43 - 2018/07/28
0,0.0,0.0,61.74431447283693,930.371572532362,81.93393004856674,22:38:09 - 2018/07/28
0,1.0,89413.0,61.999733653899796,930.378462488601,81.93451258522582,22:38:30 - 2018/07/28
0,0.0,0.0,63.11478003941601,930.3389075398039,81.52731995973437,22:42:25 - 2018/07/28
0,0.0,0.0,63.90283069897957,930.358297448161,81.54013573528313,22:45:20 - 2018/07/28
0,0.0,0.0,63.43989772826523,930.5162646285396,81.45392053703556,22:49:43 - 2018/07/28
0,0.0,0.0,62.55936962060903,930.5691359954276,81.50576615763603,22:51:46 - 2018/07/28
0,0.0,0.0,62.88120697570682,930.6266256264853,81.5075137631072,22:52:47 - 2018/07/28
0,0.0,0.0,62.51720007340378,930.6607957980208,81.5838258866429,22:54:43 - 2018/07/28
0,0.0,0.0,62.18622365462912,930.6945452759007,81.45625067693939,22:58:11 - 2018/07/28
0,0.0,0.0,62.28599776166693,930.6503676096933,81.45275546709594,23:00:55 - 2018/07/28
0,0.0,0.0,61.76493990837365,930.6537868290036,81.47197912214659,23:04:18 - 2018/07/28
0,0.0,0.0,61.02281942208561,930.757456142867,81.53139770639245,23:11:09 - 2018/07/28
0,0.0,0.0,56.423818507471154,931.152441482928,81.81509261290186,00:11:09 - 2018/07/29
0,5.0,203113.0,57.08617352758272,931.1643361809199,81.84829718194086,00:16:19 - 2018/07/29
0,0.0,0.0,58.986690939108975,930.3820324466054,81.60246702139311,01:11:10 - 2018/07/29
0,0.0,0.0,64.93037432801205,930.5591532414425,81.23896527173537,02:11:10 - 2018/07/29
0,5.0,259133.0,65.25664769113294,930.6035610892247,81.39042423725887,02:41:30 - 2018/07/29
0,0.0,0.0,66.01276819138046,930.5630180640095,81.4620760268422,03:11:10 - 2018/07/29
0,0.0,0.0,62.55445651594668,929.8521676767688,80.94420322002844,04:11:10 - 2018/07/29
0,10.0,73085.0,63.340140947021176,930.1110217834433,80.51720694788284,04:41:10 - 2018/07/29
0,0.0,0.0,62.60023319103951,930.1848910748787,80.41351634102789,05:11:10 - 2018/07/29
0,0.0,0.0,67.19383841287086,930.7761671250123,79.70982000311263,06:11:10 - 2018/07/29
0,0.0,0.0,61.56492437653705,930.7171767149198,81.25993650486461,07:11:10 - 2018/07/29
0,0.0,0.0,58.52158401076256,930.9743938934348,82.37957119077909,08:11:10 - 2018/07/29
0,0.0,0.0,55.28685567286652,930.7432440969797,84.57808501965019,09:11:10 - 2018/07/29
0,0.0,0.0,47.62299436349998,930.5791095791576,87.79726516461996,10:11:10 - 2018/07/29
0,0.0,0.0,42.12654262524743,930.2840003964385,90.43918335771609,11:11:10 - 2018/07/29
0,8.0,111882.0,39.90698369310113,930.1144415579663,92.01153788906277,11:46:57 - 2018/07/29
0,0.0,0.0,39.407852712282654,929.9211210703688,92.88831115403731,12:11:11 - 2018/07/29
0,0.0,0.0,34.025650108783026,929.1268109229147,93.84257197512244,13:11:11 - 2018/07/29
0,0.0,0.0,29.467254138818394,928.5820259978807,95.47729527371824,14:11:11 - 2018/07/29
0,0.0,0.0,28.544620239619174,927.5695564446756,96.18688438610563,15:11:11 - 2018/07/29
0,0.0,0.0,28.396348504565808,927.3930466604066,96.55682736866292,16:11:11 - 2018/07/29
0,1.0,434840.0,28.99313205880599,927.3759363123396,96.73335163381957,16:23:12 - 2018/07/29
0,0.0,0.0,28.356509806153067,926.9704654239214,96.92211046184431,17:11:11 - 2018/07/29
0,0.0,0.0,27.276033357911558,927.3306150593837,97.31943684505362,18:11:11 - 2018/07/29
0,0.0,0.0,31.297131245096555,928.2438484518394,93.41670764581184,19:11:11 - 2018/07/29
0,0.0,0.0,31.88332463260749,928.169279788497,92.25039260488121,20:11:11 - 2018/07/29
0,0.0,0.0,40.6024509992544,929.3116616853947,90.41413299860432,21:11:11 - 2018/07/29
0,0.0,0.0,43.76883279884032,929.3666797649464,89.22453658030909,22:11:12 - 2018/07/29
0,0.0,0.0,43.69247962721072,929.7306684524126,87.23276814553257,23:11:12 - 2018/07/29
0,5.0,236538.0,43.03928501167798,929.3950557469542,86.87100171633475,23:31:53 - 2018/07/29
0,1.0,336351.0,42.80879138310552,929.2730036195762,86.82090207981675,23:40:12 - 2018/07/29
0,1.0,497902.0,42.92085177140233,929.081674850746,86.74225733208834,23:52:12 - 2018/07/29
0,0.0,0.0,43.03839403573251,928.9173099176744,86.63506751375965,00:11:12 - 2018/07/30
0,0.0,0.0,44.699931074451115,928.0602716364282,85.62958378664928,01:11:12 - 2018/07/30
0,8.0,85234.0,45.027682248545844,927.8705110990436,85.16179708533019,01:34:53 - 2018/07/30
0,0.0,0.0,47.326629558134464,927.5626655319783,84.85712476278759,02:11:12 - 2018/07/30
0,0.0,0.0,47.817387791444645,927.8625479518993,84.6864386010988,03:11:12 - 2018/07/30
0,0.0,0.0,48.98291157935172,927.9723221749356,83.88776950981458,04:11:12 - 2018/07/30
0,0.0,0.0,51.89712546363637,928.095415608812,83.08444393929577,05:11:12 - 2018/07/30
0,0.0,0.0,51.37920734510698,928.9873674869164,83.13629006966778,06:11:12 - 2018/07/30
0,0.0,0.0,51.69245526443136,929.1414051570014,83.57261376411188,07:11:12 - 2018/07/30
0,0.0,0.0,47.958631298077094,929.3142467913173,85.38200037437899,08:11:12 - 2018/07/30
0,0.0,0.0,41.60829161699333,929.4003320888362,87.76056406163418,09:11:12 - 2018/07/30
0,0.0,0.0,37.56257469538589,929.076534699387,90.728136610779,10:11:12 - 2018/07/30
0,0.0,0.0,34.85868394852255,928.8561399787932,93.30368774749806,11:11:12 - 2018/07/30
0,0.0,0.0,32.73958714030239,928.2141256018404,95.22270615976713,12:11:13 - 2018/07/30
0,0.0,0.0,30.86527282147596,927.5124907159919,97.6480183267423,13:11:13 - 2018/07/30
0,0.0,0.0,28.60325703179554,926.559146498528,99.11207812410404,14:11:13 - 2018/07/30
0,0.0,0.0,26.557383865305372,925.8612620196112,100.78530514532804,15:11:13 - 2018/07/30
0,0.0,0.0,27.360269732444486,925.2251977812497,100.48992575003679,16:11:13 - 2018/07/30
0,0.0,0.0,26.09054087713985,925.142845287218,101.19312766011764,17:11:13 - 2018/07/30
0,0.0,0.0,23.531675940711718,924.8171105162712,102.33037516949598,18:11:13 - 2018/07/30
0,0.0,0.0,23.878061904814164,925.6229743590268,99.29384848744712,19:11:13 - 2018/07/30
0,0.0,0.0,37.67519764519148,926.8329278453442,90.8609620653598,20:11:13 - 2018/07/30
0,0.0,0.0,37.857311657278736,927.6579343217993,88.52488077191822,20:46:17 - 2018/07/30
0,0.0,0.0,43.997096802332614,929.4057783919293,86.34379118344671,21:46:17 - 2018/07/30
0,0.0,0.0,44.91911402821868,929.1442174409503,85.71871390555063,22:46:17 - 2018/07/30
0,0.0,0.0,44.052128035635825,929.1938244718212,85.04412243169327,23:46:17 - 2018/07/30
0,24.0,8273.0,44.10988930332404,929.0970481848964,84.32118245622925,00:12:18 - 2018/07/31
0,5.0,217501.0,44.69548399267953,928.7899037624272,83.97165579813709,00:25:18 - 2018/07/31
0,0.0,0.0,44.583491816438396,928.4262870001462,83.95534457208444,00:46:17 - 2018/07/31
0,0.0,0.0,47.493026755883726,928.3096734955246,84.11437909453352,01:46:18 - 2018/07/31
0,6.0,123222.0,47.66048498322131,928.3126359616858,84.08699951386636,01:47:47 - 2018/07/31
0,0.0,0.0,48.38774890515985,929.0158696480544,83.61863462124195,02:46:18 - 2018/07/31
0,0.0,0.0,46.058430984615576,928.5709718610657,83.0273549605583,03:46:18 - 2018/07/31
0,0.0,0.0,45.21285779518466,928.3411467223384,82.73958020370091,04:46:18 - 2018/07/31
0,0.0,0.0,48.170739207985314,928.7053424923978,82.1174291973829,05:46:18 - 2018/07/31
0,0.0,0.0,48.81588706268819,929.2329272341568,82.4622916391524,06:46:18 - 2018/07/31
0,0.0,0.0,44.77563598368058,929.8111215435216,84.26467559658231,07:46:18 - 2018/07/31
0,1.0,449810.0,45.00584009069368,929.8642203975003,84.3806020613688,07:52:30 - 2018/07/31
0,0.0,0.0,41.627975266860986,929.923441020414,86.35718988341576,08:46:18 - 2018/07/31
0,0.0,0.0,37.88989698588816,930.2683495874768,88.97053962583277,09:46:18 - 2018/07/31
0,0.0,0.0,31.65735216024521,930.249406532124,92.16184154816,10:46:18 - 2018/07/31
0,0.0,0.0,28.1542130914459,929.697680252548,94.86325262994808,11:46:18 - 2018/07/31
0,0.0,0.0,23.86629465440446,928.8716638698488,97.66607867528221,12:46:19 - 2018/07/31
0,0.0,0.0,21.94262255363501,927.9493200634039,100.61401998812693,13:46:19 - 2018/07/31
0,0.0,0.0,21.265214504235093,927.2327440632292,101.52404723760964,14:46:19 - 2018/07/31
0,12.0,39604.0,21.165750713814603,927.1087492701931,101.35567434191373,14:56:19 - 2018/07/31
0,0.0,0.0,21.16798840256021,926.4352817143498,101.26420540101826,15:46:19 - 2018/07/31
0,0.0,0.0,20.46663505061096,925.5718487709863,102.14801887080804,16:46:19 - 2018/07/31
0,0.0,0.0,20.39650437260796,925.1442116197555,102.18763619660778,17:46:19 - 2018/07/31
0,0.0,0.0,21.958578238617655,925.2608306898683,100.6687846109894,18:46:19 - 2018/07/31
0,0.0,0.0,25.70469112319156,925.7669843389896,96.96696984454177,19:46:19 - 2018/07/31
0,0.0,0.0,28.312878372459284,926.367731592478,94.91976310085494,20:46:19 - 2018/07/31
0,0.0,0.0,29.97977392406089,926.7335111643248,93.33048627312208,21:46:19 - 2018/07/31
0,0.0,0.0,32.48308587031043,927.1132666183285,91.82511493524409,22:46:19 - 2018/07/31
0,0.0,0.0,33.71726031217927,927.5277060435304,89.91487430502231,23:46:19 - 2018/07/31
0,0.0,0.0,33.88523815306777,927.913836983734,89.3987227900044,00:46:19 - 2018/08/01
0,0.0,0.0,36.33213384666171,928.0769179992357,87.90329061886924,01:46:19 - 2018/08/01
0,0.0,0.0,40.17873864291117,928.1799951509342,86.47661312661577,02:46:20 - 2018/08/01
0,1.0,325222.0,41.52691014955499,928.2470394980903,86.37117113671154,03:01:19 - 2018/08/01
0,0.0,0.0,45.934768069248626,928.3206039587584,85.8608561550689,03:46:20 - 2018/08/01
0,0.0,0.0,48.673399097056034,928.4272730093622,85.21422641334475,04:46:20 - 2018/08/01
0,8.0,92346.0,48.90817173874624,928.4753179140404,85.1891768434477,04:50:12 - 2018/08/01
0,0.0,0.0,50.36256185467766,928.7861409947284,84.30894901075517,05:46:20 - 2018/08/01
0,0.0,0.0,51.54527968596979,929.076558420578,84.1947702298483,06:46:20 - 2018/08/01
0,0.0,0.0,49.26846673679125,929.2374995081441,85.37559233802742,07:46:20 - 2018/08/01
0,0.0,0.0,45.936315939357776,929.1628957530047,87.60269115568853,08:46:20 - 2018/08/01
0,0.0,0.0,38.83435228139232,929.0354552222957,90.68386148289169,09:46:20 - 2018/08/01
0,0.0,0.0,33.740407258391514,928.7446040560063,93.98588634553718,10:46:20 - 2018/08/01
0,0.0,0.0,27.07512214382123,928.0186577332788,97.70744270676724,11:46:20 - 2018/08/01
0,0.0,0.0,24.0027290955958,927.166188540161,100.46370866936172,12:46:20 - 2018/08/01
0,0.0,0.0,20.72707561225873,926.2100498866304,103.47462182386052,13:46:20 - 2018/08/01
0,0.0,0.0,17.448306709191446,925.0282841132254,105.26150344102764,14:46:21 - 2018/08/01
0,0.0,0.0,18.33592336767661,924.4634109720696,103.95061677417593,15:46:21 - 2018/08/01
0,0.0,0.0,19.322361499493123,924.2030622277452,104.85192307192163,16:46:21 - 2018/08/01
0,0.0,0.0,17.887531040429362,923.884854514715,105.48231603684398,17:46:21 - 2018/08/01
0,0.0,0.0,20.834040810401547,924.5470052662967,104.03975673924324,18:46:21 - 2018/08/01
0,0.0,0.0,41.21955635162621,926.3715198838338,92.19563076159365,19:46:21 - 2018/08/01
0,0.0,0.0,64.4756655282619,928.8494502643864,81.95315375939717,20:46:21 - 2018/08/01
0,0.0,0.0,65.22093568882404,928.2303319436207,81.6624681880977,21:46:21 - 2018/08/01
0,0.0,0.0,65.06138777683917,928.364630360354,83.47241649909009,22:46:21 - 2018/08/01
0,0.0,0.0,64.36483555433496,926.8018327710962,83.78058153648685,23:46:21 - 2018/08/01
0,0.0,0.0,65.63456319629354,926.8815625394556,82.97550886424389,00:46:21 - 2018/08/02
0,0.0,0.0,62.0371064366927,927.1783283615976,82.68249134368527,01:46:21 - 2018/08/02
0,0.0,0.0,58.83604954205599,927.3601971827964,82.74307544066687,02:46:22 - 2018/08/02
0,0.0,0.0,65.7964395345024,927.474825977518,81.45683321192045,03:46:22 - 2018/08/02
0,0.0,0.0,69.44272459022221,927.4044430399645,80.29351493313345,04:46:22 - 2018/08/02
0,0.0,0.0,70.68595209133579,927.6350687128016,78.99797128235926,05:46:22 - 2018/08/02
0,0.0,0.0,69.70117283898632,928.1469936962584,79.66671287418168,06:46:22 - 2018/08/02
0,0.0,0.0,56.75549697961977,928.3221455137376,82.24733506676031,07:46:22 - 2018/08/02
0,0.0,0.0,48.11829504316464,928.5917089846547,84.57167701436241,08:46:22 - 2018/08/02
0,0.0,0.0,38.973998689262345,928.5344982870728,88.03786148533865,09:46:22 - 2018/08/02
0,0.0,0.0,32.92795376334618,928.4913752397104,91.52975149679637,10:46:22 - 2018/08/02
0,0.0,0.0,27.74822150887353,927.6625757731172,95.31475435265928,11:46:22 - 2018/08/02
0,0.0,0.0,25.731427331193128,926.8426858710002,98.60405431883457,12:46:22 - 2018/08/02
0,0.0,0.0,24.152392793890968,926.3051428283238,100.4468132195668,13:46:22 - 2018/08/02
0,0.0,0.0,22.54831400722829,925.3263349288032,101.77573299208281,14:46:23 - 2018/08/02
0,0.0,0.0,21.297454512074555,924.3347793362905,102.79821029679,15:46:23 - 2018/08/02
0,0.0,0.0,20.456481139685078,924.0132684457076,102.09441897449317,16:46:23 - 2018/08/02
0,0.0,0.0,30.606128265085484,925.41417660621,95.99870898087656,17:46:23 - 2018/08/02
0,0.0,0.0,36.180575181440155,925.4795546694836,92.27835610629991,18:46:23 - 2018/08/02
0,0.0,0.0,35.98835354509033,925.7894283091839,91.16040229617892,19:46:23 - 2018/08/02
0,0.0,0.0,38.44105216234292,926.7730179634112,89.68650910249809,20:46:23 - 2018/08/02
0,0.0,0.0,42.3925322971959,927.0879396966467,88.5924577237179,21:46:23 - 2018/08/02
0,0.0,0.0,45.093120452395105,927.0441600256855,87.53045415658899,22:46:23 - 2018/08/02
0,0.0,0.0,51.653003469825705,927.1991305327024,86.22786334630773,23:46:23 - 2018/08/02
0,0.0,0.0,46.2489495563031,926.9398491510087,85.89697428706322,00:46:23 - 2018/08/03
0,0.0,0.0,56.20557364766504,926.9469984883824,84.75110125601707,01:46:24 - 2018/08/03
0,0.0,0.0,59.1477802500883,926.8147799416196,83.91165379591885,02:46:24 - 2018/08/03
0,0.0,0.0,61.847800165860825,926.8310792128036,82.46695194733084,03:46:24 - 2018/08/03
0,0.0,0.0,57.01527849377729,926.8606747905984,82.16985756291106,04:46:24 - 2018/08/03
0,0.0,0.0,62.35597678733242,927.3698921769592,81.18012932628055,05:46:24 - 2018/08/03
0,0.0,0.0,58.975652239896895,928.0975270380603,81.3746957997869,06:46:24 - 2018/08/03
0,0.0,0.0,54.51757955354132,928.4628318896927,83.10716302813773,07:46:24 - 2018/08/03
0,0.0,0.0,48.86099797142705,928.5011171011446,85.98319179523723,08:46:24 - 2018/08/03
0,0.0,0.0,40.967779442904416,928.2914296723384,88.60527404526907,09:46:24 - 2018/08/03
0,0.0,0.0,31.68738087877901,928.1547354722212,92.53410584844087,10:46:24 - 2018/08/03
0,0.0,0.0,26.30492292983932,927.6056961842842,95.67362627607544,11:46:24 - 2018/08/03
0,0.0,0.0,24.72858769303416,926.8046322083444,98.62619293847237,12:46:25 - 2018/08/03
0,0.0,0.0,22.467338027671307,925.8025883435776,100.28601523178837,13:46:25 - 2018/08/03
0,0.0,0.0,22.075758828147716,925.1158742847583,101.3119789816902,14:46:25 - 2018/08/03
0,0.0,0.0,21.757320219180347,924.489226211124,102.12413195835434,15:46:25 - 2018/08/03
0,0.0,0.0,20.82950285383197,924.0929206241826,102.37989688266764,16:46:25 - 2018/08/03
0,0.0,0.0,19.21009043867337,923.872168142345,102.59546215931452,17:46:25 - 2018/08/03
0,0.0,0.0,18.698073171449707,923.9385696209313,102.9706629306052,18:46:25 - 2018/08/03
0,0.0,0.0,22.140873751652546,924.1627508001416,99.0037151176555,19:46:25 - 2018/08/03
0,0.0,0.0,29.593279753215107,924.7562384302893,95.43010595764618,20:46:25 - 2018/08/03
0,0.0,0.0,27.95325096013981,925.1084148645621,93.49710329045956,21:46:25 - 2018/08/03
0,0.0,0.0,32.56594085587317,925.4567395678014,91.46275591826559,22:46:26 - 2018/08/03
0,0.0,0.0,33.46209432500552,925.4526523987744,89.32298963287495,23:46:26 - 2018/08/03
0,0.0,0.0,38.7151716456892,925.4137867182976,87.8823185456179,00:46:26 - 2018/08/04
0,0.0,0.0,37.36854837954605,925.3539711319555,86.27213728459509,01:46:26 - 2018/08/04
0,0.0,0.0,40.94646067786812,925.4554805737694,84.94800210825555,02:46:26 - 2018/08/04
0,0.0,0.0,39.51645112851385,925.850197497802,84.2122465687692,03:46:26 - 2018/08/04
0,0.0,0.0,42.522212062058934,926.0842502800486,83.4438719404837,04:46:26 - 2018/08/04
0,0.0,0.0,41.98871753220905,926.5740830695413,82.77395003706562,05:46:26 - 2018/08/04
0,0.0,0.0,43.11592428805922,927.2412293073912,83.6168869935227,06:46:26 - 2018/08/04
0,0.0,0.0,42.142273946452406,927.4828478712843,85.51249135030784,07:46:26 - 2018/08/04
0,0.0,0.0,39.452965254393895,927.4093731672992,87.68133631145149,08:46:26 - 2018/08/04
0,0.0,0.0,33.856128375809305,927.0417176736304,90.94252160772896,09:46:27 - 2018/08/04
0,0.0,0.0,27.796808569910105,926.791652877234,94.40476117061165,10:46:27 - 2018/08/04
0,0.0,0.0,25.447211328046517,925.9898141615778,97.28331622543078,11:46:27 - 2018/08/04
0,0.0,0.0,22.957964965826164,925.2687892621386,99.66030280633524,12:46:27 - 2018/08/04
0,0.0,0.0,21.014214117463254,924.4021216611227,101.66736824542349,13:46:27 - 2018/08/04
0,0.0,0.0,20.26966511420257,923.6881856952807,102.86462784398985,14:46:27 - 2018/08/04
0,0.0,0.0,18.587420446909718,922.8622578476579,103.8387549250042,15:46:27 - 2018/08/04
0,0.0,0.0,18.02851698287105,922.4001548225696,103.99373021535116,16:46:27 - 2018/08/04
0,0.0,0.0,16.920363919833925,922.1782701476757,104.53090132743156,17:46:27 - 2018/08/04
0,0.0,0.0,17.493611892657057,922.3035948743044,104.7021905293962,18:46:27 - 2018/08/04
0,0.0,0.0,20.54136982274336,922.3929846319808,100.32971032173843,19:46:27 - 2018/08/04
0,0.0,0.0,22.201800381279007,923.0159621067779,97.59966320968788,20:46:27 - 2018/08/04
0,0.0,0.0,22.53515546686377,923.5573991896581,96.26728137355632,21:46:27 - 2018/08/04
0,0.0,0.0,27.13603032158677,923.6798616430742,93.72372600577977,22:46:28 - 2018/08/04
0,0.0,0.0,26.75905165496327,923.8904394590747,92.79393400855344,23:46:28 - 2018/08/04
0,0.0,0.0,28.448407864491692,924.3221060455722,91.55014146085131,00:46:28 - 2018/08/05
0,0.0,0.0,28.863605797797703,924.566808631026,91.0753472340078,01:46:28 - 2018/08/05
0,0.0,0.0,30.98558788994591,924.5006385181006,89.4004704786541,02:46:28 - 2018/08/05
0,0.0,0.0,33.95580199890666,924.8163920019074,87.54385295243222,03:46:28 - 2018/08/05
0,0.0,0.0,34.71100212183739,924.9996178561876,86.68749730754692,04:46:28 - 2018/08/05
0,0.0,0.0,37.68530555328793,925.337707093945,85.56608588802456,05:46:28 - 2018/08/05
0,0.0,0.0,38.14621654820185,925.6221362016116,85.4053023268357,06:46:28 - 2018/08/05
0,0.0,0.0,37.3376584865191,926.3616990404506,87.13548144367996,07:46:28 - 2018/08/05
0,0.0,0.0,32.46438727715338,926.5545280669372,89.65388552780708,08:46:28 - 2018/08/05
0,0.0,0.0,26.61144899665059,926.4930666960304,93.78023608842605,09:46:29 - 2018/08/05
0,0.0,0.0,23.839242563173862,926.1790410804357,96.76772436736981,10:46:29 - 2018/08/05
0,0.0,0.0,21.81169334019661,925.7509244672203,99.34220409841991,11:46:29 - 2018/08/05
0,0.0,0.0,19.95743195321744,924.9842236998137,101.79146336441765,12:46:29 - 2018/08/05
0,0.0,0.0,18.53014766426137,924.3204715504933,104.23551526201372,13:46:29 - 2018/08/05
0,0.0,0.0,17.054650713413903,923.6366341853208,105.26499915265569,14:46:29 - 2018/08/05
0,0.0,0.0,16.174622603493063,923.1247432731067,105.45784602493632,15:46:29 - 2018/08/05
0,0.0,0.0,16.086184974528,922.4911538641812,105.88199340898764,16:46:29 - 2018/08/05
0,0.0,0.0,14.805269818941396,922.48221680705,106.06784954126208,17:46:29 - 2018/08/05
0,0.0,0.0,12.151079995741576,922.2784404682104,106.0130831358168,18:46:29 - 2018/08/05
0,0.0,0.0,14.179490409011144,923.5558250049877,101.87361088862572,19:46:30 - 2018/08/05
0,0.0,0.0,15.284755831003,923.5159588949476,99.38997712551384,20:46:30 - 2018/08/05
0,0.0,0.0,17.05752700595469,923.9243486661024,98.72523416776865,21:46:30 - 2018/08/05
0,0.0,0.0,18.674497614099828,924.1757131049776,96.90230242659266,22:46:30 - 2018/08/05
0,0.0,0.0,18.735934858898254,924.299967629008,96.11231330214808,23:46:30 - 2018/08/05
0,0.0,0.0,20.28078773225032,924.2925403600873,94.26843739792965,00:46:30 - 2018/08/06
0,0.0,0.0,23.80694145998217,924.3967963052384,91.69112356661935,01:46:30 - 2018/08/06
0,0.0,0.0,27.24937705932137,924.8932734839908,89.88632863751019,02:46:30 - 2018/08/06
0,0.0,0.0,30.740789018043213,925.1666258660056,88.5656599636751,03:46:30 - 2018/08/06
0,0.0,0.0,34.31881695575311,925.2507417122076,88.02154985934479,04:46:30 - 2018/08/06
0,0.0,0.0,39.346596186200095,925.7621489456567,86.97702657840746,05:46:30 - 2018/08/06
0,0.0,0.0,40.279655330675055,926.4628166191964,85.96921057465052,06:46:30 - 2018/08/06
0,0.0,0.0,36.83449358637571,926.6843477708873,87.69298744881044,07:46:31 - 2018/08/06
0,0.0,0.0,29.41592333404541,926.6047959083577,90.89708128631806,08:46:31 - 2018/08/06
0,0.0,0.0,24.194213560518516,926.210948522086,95.90025196538328,09:46:31 - 2018/08/06
0,0.0,0.0,21.902894687004355,925.8158432247847,98.63260148681377,10:46:31 - 2018/08/06
0,0.0,0.0,18.81396586560424,925.2347290727208,101.69125509209893,11:46:31 - 2018/08/06
0,0.0,0.0,16.12874436877443,924.5473313879613,103.94479063433607,12:46:31 - 2018/08/06
0,0.0,0.0,14.189350865793203,923.691753879273,106.10863304642493,13:46:31 - 2018/08/06
0,0.0,0.0,12.56353773395432,922.9992077951237,106.48908537050735,14:46:31 - 2018/08/06
0,0.0,0.0,12.025699543404373,922.2870906280419,106.75709212571564,15:46:31 - 2018/08/06
0,0.0,0.0,11.994243347865934,921.7205229010516,106.6632897121378,16:46:31 - 2018/08/06
0,0.0,0.0,11.883901021753747,921.5798122069417,106.66387233566091,17:46:31 - 2018/08/06
0,0.0,0.0,12.648326258263,921.7229713697498,105.72992945565231,18:46:31 - 2018/08/06
0,0.0,0.0,15.653042882271693,922.3769476352268,101.04631143928029,19:46:32 - 2018/08/06
0,0.0,0.0,17.014434781751913,923.8172497218968,98.82427545620486,20:46:32 - 2018/08/06
0,0.0,0.0,20.115008836140227,924.9643811963872,97.44818944028276,21:46:32 - 2018/08/06
0,0.0,0.0,22.792912750945746,925.2763902667864,95.72372858689532,22:46:32 - 2018/08/06
0,0.0,0.0,27.699704181465282,926.569739040913,93.70391835250223,23:46:32 - 2018/08/06
0,0.0,0.0,35.5006032869164,926.4813454436598,91.33983366629849,00:46:32 - 2018/08/07
0,0.0,0.0,38.836135745310024,926.027200356622,89.68709166639019,01:46:32 - 2018/08/07
0,0.0,0.0,34.051560716022614,924.9011813149724,88.31574193177485,02:46:32 - 2018/08/07
0,0.0,0.0,34.41868720419397,924.3021035514059,86.62166879133993,03:46:32 - 2018/08/07
0,0.0,0.0,37.11214234180861,923.9981244851836,85.61502004628392,04:46:32 - 2018/08/07
0,0.0,0.0,40.37935493760178,925.1516396323044,84.05845484947322,05:46:32 - 2018/08/07
0,0.0,0.0,41.595510394407846,926.3934963011136,84.34623189501579,06:46:33 - 2018/08/07
0,0.0,0.0,38.32414738559826,926.9214733474107,86.32514951572529,07:46:33 - 2018/08/07
0,0.0,0.0,34.541007769842395,927.1947740180807,88.51789005433815,08:46:33 - 2018/08/07
0,0.0,0.0,30.21450749805169,926.8066630990387,92.29525072402514,09:46:33 - 2018/08/07
0,0.0,0.0,28.412385715338743,926.0660915461324,95.12191927297563,10:46:33 - 2018/08/07
0,0.0,0.0,25.498099745232626,925.3692070259224,98.22303748602171,11:46:33 - 2018/08/07
0,0.0,0.0,24.212323882631736,924.823897578488,100.04831414409193,12:46:33 - 2018/08/07
0,0.0,0.0,23.140994017787968,924.0139424977466,101.25430112382048,13:46:33 - 2018/08/07
0,0.0,0.0,21.48946917961388,923.0723898193972,103.43616941504295,14:46:33 - 2018/08/07
0,0.0,0.0,20.656384838105264,922.1783795214419,103.5323004538005,15:46:33 - 2018/08/07
0,0.0,0.0,20.630098880777155,921.695810971017,103.65872741989125,16:46:33 - 2018/08/07
0,0.0,0.0,19.49306746014178,922.1810057725636,103.65931003286128,17:46:33 - 2018/08/07
0,0.0,0.0,23.46244815177375,923.5355181282738,100.48235192630501,18:46:33 - 2018/08/07
0,0.0,0.0,26.60263156315625,924.6389333682024,95.28562517216824,19:46:33 - 2018/08/07
0,0.0,0.0,32.0879022123353,927.6345017322316,92.21543823473804,20:46:34 - 2018/08/07
0,0.0,0.0,35.727104157691706,929.4665616344834,90.32733062072086,21:46:34 - 2018/08/07
0,0.0,0.0,51.42478654862912,930.2143481172792,83.20211720237167,22:46:34 - 2018/08/07
0,0.0,0.0,52.17576067052078,929.6364566899443,82.35452204905899,23:46:34 - 2018/08/07
0,0.0,0.0,46.73032210737823,928.1003532058736,82.58112953861318,00:46:34 - 2018/08/08
0,0.0,0.0,49.58584068391318,928.6318031748123,82.04111682829182,01:46:34 - 2018/08/08
0,0.0,0.0,50.268854833922084,929.3761512264952,81.02459281853271,02:46:34 - 2018/08/08
0,0.0,0.0,47.999874026650495,929.2342443915708,81.24886835371592,03:46:34 - 2018/08/08
0,0.0,0.0,47.936415389013405,929.2787004062286,81.04148628984032,04:46:34 - 2018/08/08
0,0.0,0.0,52.78350422352664,929.3016162839397,80.02613346766012,05:46:34 - 2018/08/08
0,0.0,0.0,50.24501524459408,929.0947996958972,80.08030876243876,06:46:34 - 2018/08/08
0,0.0,0.0,52.22971881429509,929.3082563036214,80.83002675580101,07:46:35 - 2018/08/08
0,0.0,0.0,50.35201406338904,930.0885079458784,82.66268500908821,08:46:35 - 2018/08/08
0,0.0,0.0,46.62993484823594,930.0350750716764,84.54138462908115,09:46:35 - 2018/08/08
0,0.0,0.0,41.39385058161113,929.2850510672972,87.36792102365845,10:46:35 - 2018/08/08
0,0.0,0.0,40.70296731980254,928.7226148319353,88.5143946956586,11:46:35 - 2018/08/08
0,0.0,0.0,37.67172328737693,928.4862463305576,90.19101019950277,12:46:35 - 2018/08/08
0,0.0,0.0,33.261635174869795,927.8232015339099,91.59965995542127,13:46:35 - 2018/08/08
0,0.0,0.0,31.89792008766093,927.055099987399,93.01822546066587,14:46:35 - 2018/08/08
0,0.0,0.0,35.45538791049082,926.235711258066,91.32818227273485,15:46:35 - 2018/08/08
0,0.0,0.0,36.5242039740829,925.6979026265705,90.31043620346144,16:46:35 - 2018/08/08
0,0.0,0.0,37.17995479769871,925.753522837598,90.25858783020388,17:46:35 - 2018/08/08
0,0.0,0.0,38.20178303141925,927.004313105592,88.26505929990955,19:46:35 - 2018/08/08
0,0.0,0.0,37.05928818949352,927.7203141055428,87.83629650527867,20:46:35 - 2018/08/08
0,0.0,0.0,39.03679661499656,928.5780042657286,87.36151291057031,21:46:36 - 2018/08/08
0,0.0,0.0,39.098826678698934,928.8270561670587,87.2461669173249,22:02:10 - 2018/08/08
0,1.0,462266.0,54.706792388084345,929.277409427012,83.09376459075183,22:34:10 - 2018/08/08
0,1.0,394574.0,56.828464918666455,929.6363859395374,82.53918674084389,22:56:10 - 2018/08/08
0,0.0,0.0,57.064489938628796,930.0031588926666,82.38830926436232,23:02:10 - 2018/08/08
0,0.0,0.0,50.604089555433255,929.9616911374637,81.52498981883194,00:02:10 - 2018/08/09
0,0.0,0.0,49.72191580872472,929.8163165594624,80.90633856756716,01:02:10 - 2018/08/09
0,0.0,0.0,53.31182753121728,929.2771830492856,80.38905002751628,02:02:10 - 2018/08/09
0,0.0,0.0,57.318128818495104,929.57444564849,79.27467152680302,03:02:10 - 2018/08/09
0,0.0,0.0,60.54077806096834,930.4052706247282,78.6065140409771,04:02:10 - 2018/08/09
0,0.0,0.0,59.938657170456345,930.9455333183977,78.2109800585913,05:02:10 - 2018/08/09
0,0.0,0.0,56.39726403692389,930.5556101466847,78.45447509370544,06:02:10 - 2018/08/09
0,0.0,0.0,57.663712118338395,930.7998380407847,78.152145187473,07:02:10 - 2018/08/09
0,0.0,0.0,57.4397138159583,930.9910347100612,78.27913533142956,07:13:17 - 2018/08/09
0,0.0,0.0,54.250468281916284,931.2319507925754,79.47855621288946,08:13:17 - 2018/08/09
0,0.0,0.0,51.3763356461768,931.0768312784841,81.41430816368003,09:13:17 - 2018/08/09
0,10.0,53369.0,50.65886524923157,931.0518343905304,81.86286059151162,09:23:33 - 2018/08/09
0,1.0,310718.0,48.245219094682724,930.7124045905472,83.87553609631286,09:50:21 - 2018/08/09
0,0.0,0.0,43.60403505771142,930.527302614928,85.0837356721092,10:13:18 - 2018/08/09
0,0.0,0.0,42.68535158929433,930.3358181501926,86.86459362244759,11:13:18 - 2018/08/09
0,0.0,0.0,37.64501249143686,930.0134781173393,89.7144721716267,12:13:18 - 2018/08/09
0,0.0,0.0,32.90643856846492,929.598541888378,93.2378566051094,13:13:18 - 2018/08/09
0,0.0,0.0,30.748507914690162,929.0589618929947,94.61390768925767,14:13:18 - 2018/08/09
0,0.0,0.0,40.67334343434428,929.8041963671553,86.62982453529257,21:54:20 - 2018/08/09
0,0.0,0.0,41.17692842773456,930.5972335988237,85.28296711296571,22:54:20 - 2018/08/09
0,0.0,0.0,46.15626217468186,930.3492100726263,84.08350424857466,23:54:21 - 2018/08/09
0,0.0,0.0,65.88554004640514,930.3318061523668,79.77622830474586,00:54:21 - 2018/08/10
0,0.0,0.0,71.6243274877538,930.4017210338776,76.81700699142213,01:54:21 - 2018/08/10
0,0.0,0.0,69.71410912347751,930.756224557561,75.93158095750451,02:54:21 - 2018/08/10
0,0.0,0.0,78.59244410949356,930.6660515961639,73.03300880409782,03:54:21 - 2018/08/10
0,0.0,0.0,80.38424611738651,930.8032647943164,73.87939129539298,04:54:21 - 2018/08/10
0,0.0,0.0,82.06291837049989,931.0798788326642,73.99531050014988,05:38:18 - 2018/08/10
0,0.0,0.0,82.63057570343038,931.1038690963344,74.0838518568645,05:44:18 - 2018/08/10
0,0.0,0.0,78.96089737363677,931.1759669052817,74.72403057298844,06:44:18 - 2018/08/10
0,0.0,0.0,74.412335285638,931.4220239137436,76.19080058981199,07:44:18 - 2018/08/10
0,0.0,0.0,66.70513534631249,931.373914927108,79.15641852373422,08:44:18 - 2018/08/10
0,0.0,0.0,62.67861116699813,931.5826683306841,80.05700755821428,09:44:18 - 2018/08/10
0,0.0,0.0,58.23385985640145,931.2580241833257,81.24013034017298,10:44:19 - 2018/08/10
0,0.0,0.0,52.86649310282135,929.9015199437076,85.10121210471263,12:44:19 - 2018/08/10
0,0.0,0.0,47.55510552049657,929.0598107881833,87.74366990584677,13:44:19 - 2018/08/10
0,0.0,0.0,43.83804296533837,928.300159388363,89.59155121543918,14:44:19 - 2018/08/10
0,0.0,0.0,42.34977130321989,927.783185092382,89.45348370978056,15:44:19 - 2018/08/10
0,0.0,0.0,56.50879466822736,928.5431665272496,84.84139599651216,16:44:19 - 2018/08/10
0,0.0,0.0,53.1281334318764,927.7114238767604,83.01104382738595,17:44:19 - 2018/08/10
0,0.0,0.0,62.59850194322952,928.8634596224354,78.43466926409346,18:44:20 - 2018/08/10
0,0.0,0.0,66.72618830260366,928.5355130899736,78.63797039229969,19:44:20 - 2018/08/10
0,0.0,0.0,69.62793330658303,929.4118861029117,78.59894121654989,20:44:20 - 2018/08/10
0,0.0,0.0,69.00598783869614,929.6414628742804,78.19117425806226,21:44:20 - 2018/08/10
0,0.0,0.0,72.9650497304521,929.1765199127595,77.8352527753151,22:44:20 - 2018/08/10
0,0.0,0.0,70.52307955681249,929.6769770778146,77.07855808627974,23:44:20 - 2018/08/10
0,0.0,0.0,70.41424308116515,929.767746073244,76.54497098969296,00:44:20 - 2018/08/11
0,0.0,0.0,72.05863076815662,929.439798808956,76.40749686306991,01:44:20 - 2018/08/11
0,0.0,0.0,74.13027931907631,929.3107386198284,76.14652934301594,02:44:20 - 2018/08/11
0,0.0,0.0,77.59079976489939,928.8935371092253,75.9583766759973,03:44:20 - 2018/08/11
0,0.0,0.0,78.0065422186385,929.0883695273449,75.02984930337401,04:44:21 - 2018/08/11
0,0.0,0.0,75.70317356768236,929.2985885131236,74.5166566691002,05:44:21 - 2018/08/11
0,0.0,0.0,74.71365347736356,929.3064379966706,74.69140994170421,06:44:21 - 2018/08/11
0,0.0,0.0,72.49079637779874,929.869405284174,76.35623535350206,07:44:21 - 2018/08/11
0,0.0,0.0,64.37898902808841,930.0696710101793,79.36146811966513,08:44:21 - 2018/08/11
0,0.0,0.0,50.90298202554169,930.2552827338376,82.19024637620399,09:44:21 - 2018/08/11
0,0.0,0.0,42.807341567730774,929.9904338676961,84.8635327791053,10:44:21 - 2018/08/11
0,0.0,0.0,36.14326182735899,929.3951867974907,88.49924814223188,11:44:21 - 2018/08/11
0,0.0,0.0,31.62213149644288,928.5391978562708,90.6914348591923,12:44:21 - 2018/08/11
0,0.0,0.0,27.786887961316296,927.3687298896324,93.58682021527972,13:44:21 - 2018/08/11
0,0.0,0.0,30.299117676433873,926.7445261132874,93.69634483863892,14:44:21 - 2018/08/11
0,0.0,0.0,29.859426711497125,925.6490508734594,93.83849392574385,15:44:22 - 2018/08/11
0,0.0,0.0,40.861760933603975,925.2085972667792,89.85545271695696,16:44:22 - 2018/08/11
0,0.0,0.0,33.45278949764842,925.0089192170824,90.43860079118211,17:44:22 - 2018/08/11
0,0.0,0.0,62.4814722749405,925.847617249753,84.06195011423695,18:27:30 - 2018/08/11
0,14.0,26135.0,61.819659474517,925.9833588490196,83.47066887291177,18:30:24 - 2018/08/11
0,0.0,0.0,64.6380939677446,927.249922464178,80.93022242426669,19:27:30 - 2018/08/11
0,0.0,0.0,66.2234791521796,927.9091596428392,80.12632865040105,20:27:30 - 2018/08/11
0,0.0,0.0,65.85849709781755,929.041546565354,78.78593182856632,21:27:30 - 2018/08/11
0,0.0,0.0,66.91922800397316,929.2919128700752,78.4707857786915,22:27:30 - 2018/08/11
0,0.0,0.0,63.09120573066576,929.4840458779539,78.27564018855131,23:01:24 - 2018/08/11
0,0.0,0.0,70.16836063237453,929.5722975816707,77.44554584140761,23:12:35 - 2018/08/11
0,0.0,0.0,69.28147113395872,929.5857249024657,77.44612836229945,23:13:14 - 2018/08/11
0,0.0,0.0,69.88763163957789,929.3893944803822,76.87351131328214,23:32:49 - 2018/08/11
0,0.0,0.0,65.08101301560914,929.337799454386,77.45719625963366,00:32:49 - 2018/08/12
0,0.0,0.0,63.43814292731944,929.9229811209146,77.5043804618198,01:32:49 - 2018/08/12
0,0.0,0.0,60.82583925171286,929.5914757078019,77.07273289036576,02:32:49 - 2018/08/12
0,0.0,0.0,66.91595781332299,928.9948411407346,74.87373605243786,03:32:49 - 2018/08/12
0,0.0,0.0,72.07075874471585,929.0622425511584,74.9651904390732,04:32:49 - 2018/08/12
0,0.0,0.0,66.9782124712364,929.1286996070427,75.55527632476198,05:32:50 - 2018/08/12
0,0.0,0.0,71.09699323185977,929.7228047084574,75.32052324802835,06:32:50 - 2018/08/12
0,0.0,0.0,66.64730201350001,929.9617795769626,76.33002208768771,07:32:50 - 2018/08/12
0,0.0,0.0,59.736629625648355,930.077559943749,77.87894195055968,08:32:50 - 2018/08/12
0,0.0,0.0,49.56156642096794,930.1534133411052,80.54749859807774,09:32:50 - 2018/08/12
0,0.0,0.0,39.25841302110621,929.6297751640473,84.56759919294454,10:32:50 - 2018/08/12
0,0.0,0.0,35.21277326680123,928.9608507766264,87.51705536182828,11:32:50 - 2018/08/12
0,0.0,0.0,34.427047686387745,928.2505509488224,90.26499605523422,12:32:50 - 2018/08/12
0,0.0,0.0,31.471991248564247,927.4337416107556,92.50905517290413,13:32:50 - 2018/08/12
0,0.0,0.0,28.498395891546288,926.3370941866568,94.70479038123388,14:32:50 - 2018/08/12
0,0.0,0.0,25.56193242073429,925.4595457077693,95.73538028925512,15:32:50 - 2018/08/12
0,0.0,0.0,23.344424772327038,924.6526914562062,96.10940036986143,16:32:50 - 2018/08/12
0,0.0,0.0,25.143739593613766,924.605563969919,95.51574583748163,17:32:50 - 2018/08/12
0,0.0,0.0,28.19517844930652,925.018621308032,93.67187656544412,18:32:50 - 2018/08/12
0,0.0,0.0,35.10675866689404,924.7921045186192,86.40262896093672,19:32:51 - 2018/08/12
0,0.0,0.0,40.54325344586611,926.1723091249344,85.57424158006506,20:32:51 - 2018/08/12
0,0.0,0.0,41.820345926171534,925.8792749071124,84.63925235531417,21:32:51 - 2018/08/12
0,0.0,0.0,44.63941139296171,927.7530050824423,83.04250101422629,22:32:51 - 2018/08/12
0,0.0,0.0,47.19136687317014,928.4415201692894,81.7591691432331,23:32:51 - 2018/08/12
0,0.0,0.0,46.97638391486394,928.6295544495964,80.82711409192555,00:32:51 - 2018/08/13
0,0.0,0.0,48.30988416184255,928.6054333909744,80.06749309971012,01:32:51 - 2018/08/13
0,0.0,0.0,52.32335681474987,928.2609152089276,79.04981613511518,02:32:51 - 2018/08/13
0,0.0,0.0,55.94633205330214,928.0746134677304,77.8096217978623,03:32:51 - 2018/08/13
0,0.0,0.0,56.87240867117257,927.9013003853087,76.90147222194246,04:32:51 - 2018/08/13
0,0.0,0.0,61.38303271375971,928.5695109537917,75.47430686372655,05:32:51 - 2018/08/13
0,0.0,0.0,63.681611068521796,928.9574813227478,75.54479106858645,06:32:51 - 2018/08/13
0,0.0,0.0,61.8066082027122,929.1902699478658,77.20496488801412,07:32:51 - 2018/08/13
